first_name,last_name,email,street address,city,state,postal code
Tomaso,Topes,ttopes0@nymag.com,98 Clove Place,Anchorage,Alaska,99517
Lenette,Mangenot,lmangenot1@hhs.gov,97 Prairieview Park,Aurora,Colorado,80044
Harmonia,Deble,hdeble2@netlog.com,92271 Loeprich Crossing,Colorado Springs,Colorado,80940
Federico,Granger,fgranger3@fema.gov,41 Mayfield Place,Columbus,Ohio,43215
Ardine,Fried,afried4@ibm.com,97 6th Alley,Fort Worth,Texas,76192
Eugenio,Beresfore,eberesfore5@utexas.edu,6096 Sheridan Place,Waco,Texas,76796
Adamo,Bernardini,abernardini6@bluehost.com,3 Delladonna Street,Canton,Ohio,44710
Cheslie,Aujean,caujean7@com.com,22 American Ash Parkway,Tempe,Arizona,85284
Nelson,Amps,namps8@plala.or.jp,5 Sutteridge Place,San Diego,California,92196
Beulah,Iapico,biapico9@ifeng.com,8 Graceland Trail,Vienna,Virginia,22184
Sherman,Gasticke,sgastickea@tripadvisor.com,35128 Springs Crossing,New York City,New York,10249
Kaleena,Hynde,khyndeb@abc.net.au,78681 Commercial Alley,Norman,Oklahoma,73071
Jenine,Jamot,jjamotc@nih.gov,9 Loomis Park,Louisville,Kentucky,40298
Lorenza,Wallbutton,lwallbuttond@technorati.com,8 Hollow Ridge Court,Bridgeport,Connecticut,06606
Forrester,McCue,fmccuee@columbia.edu,7731 Pennsylvania Plaza,Irving,Texas,75037
Mason,Setchfield,msetchfieldf@google.fr,1 4th Pass,New York City,New York,10045
Sabina,Blandamore,sblandamoreg@typepad.com,2 Pierstorff Terrace,Wichita,Kansas,67260
Lamont,Leftley,lleftleyh@pagesperso-orange.fr,48 Portage Plaza,Columbia,South Carolina,29208
Gabriell,Pietron,gpietroni@merriam-webster.com,1011 Harbort Plaza,Fort Worth,Texas,76121
Alleen,Manilo,amaniloj@typepad.com,382 Warrior Hill,Houston,Texas,77030
Marleen,Edghinn,medghinnk@woothemes.com,40 Bashford Plaza,El Paso,Texas,88589
Chester,Pickrill,cpickrilll@simplemachines.org,5843 Esker Point,Las Vegas,Nevada,89166
Birch,Sussans,bsussansm@fc2.com,67975 Clyde Gallagher Terrace,Trenton,New Jersey,08619
Edy,Rosensaft,erosensaftn@nymag.com,014 Glendale Hill,Pittsburgh,Pennsylvania,15240
Keane,Lievesley,klievesleyo@e-recht24.de,4 Mcbride Court,Hagerstown,Maryland,21747
Rorke,Lehrer,rlehrerp@sfgate.com,85 Bluejay Hill,Spartanburg,South Carolina,29305
Edwin,Fumagallo,efumagalloq@princeton.edu,79 Fordem Junction,Marietta,Georgia,30061
Penni,Kiddy,pkiddyr@jalbum.net,8 Everett Drive,Fort Lauderdale,Florida,33336
Josias,Sarfati,jsarfatis@techcrunch.com,48 Badeau Lane,Toledo,Ohio,43666
Karyl,Creevy,kcreevyt@buzzfeed.com,388 Sunfield Trail,Milwaukee,Wisconsin,53225
Eberto,Greetland,egreetlandu@java.com,95 Loftsgordon Plaza,Lynchburg,Virginia,24515
Patrica,Marrows,pmarrowsv@amazon.com,0 Truax Crossing,Columbia,Missouri,65211
Wald,Reskelly,wreskellyw@microsoft.com,79724 Menomonie Circle,Charlotte,North Carolina,28284
Tersina,Worham,tworhamx@linkedin.com,05 Larry Alley,Evansville,Indiana,47732
Kenyon,Yuryev,kyuryevy@nationalgeographic.com,277 Pearson Place,Philadelphia,Pennsylvania,19115
Iain,Szachniewicz,iszachniewiczz@scientificamerican.com,63 Northport Hill,Seattle,Washington,98121
Herb,Halms,hhalms10@liveinternet.ru,52519 6th Trail,Richmond,Virginia,23285
Tucky,Granham,tgranham11@weather.com,660 High Crossing Parkway,Springfield,Illinois,62705
Stanleigh,Hassard,shassard12@telegraph.co.uk,1751 Summer Ridge Hill,Myrtle Beach,South Carolina,29579
Arne,Le Lievre,alelievre13@economist.com,895 Ridgeway Alley,Tampa,Florida,33625
Jacenta,MacAlpyne,jmacalpyne14@hibu.com,08418 Fallview Center,Portland,Oregon,97229
Cristiano,Plain,cplain15@ustream.tv,910 Everett Alley,Seattle,Washington,98140
Lucilia,Hext,lhext16@xrea.com,06948 East Circle,San Bernardino,California,92415
Jojo,Lawn,jlawn17@virginia.edu,10884 Scoville Alley,Fort Wayne,Indiana,46857
Valenka,Lerigo,vlerigo18@51.la,97 Duke Terrace,Greensboro,North Carolina,27499
Darryl,Eustace,deustace19@dell.com,2770 Independence Avenue,Fort Wayne,Indiana,46814
Grenville,Knatt,gknatt1a@salon.com,4665 Acker Terrace,Elmira,New York,14905
Mercedes,Kivlehan,mkivlehan1b@is.gd,1931 Troy Street,Bakersfield,California,93399
Adair,Figliovanni,afigliovanni1c@pen.io,633 4th Alley,Billings,Montana,59105
Lanna,Gatty,lgatty1d@cbsnews.com,475 Saint Paul Avenue,Denver,Colorado,80270
Tamarra,De Andreis,tdeandreis1e@scribd.com,8544 Bartelt Place,Boise,Idaho,83705
Jeramie,Richardeau,jrichardeau1f@npr.org,19576 Manley Hill,Raleigh,North Carolina,27605
Leanor,Bennit,lbennit1g@360.cn,557 Moulton Way,Springfield,Ohio,45505
Adela,Paoletto,apaoletto1h@ehow.com,29092 Buena Vista Parkway,Bridgeport,Connecticut,06673
Edyth,Elgie,eelgie1i@archive.org,0301 Raven Park,Columbus,Ohio,43215
Pearce,Goodfellowe,pgoodfellowe1j@vimeo.com,4009 Kedzie Park,Valdosta,Georgia,31605
Kylen,Ickowicz,kickowicz1k@adobe.com,37210 Carioca Place,Columbus,Ohio,43226
Fawnia,Petteford,fpetteford1l@spotify.com,50589 Ryan Crossing,Midland,Texas,79710
Yettie,Bahl,ybahl1m@zimbio.com,97 Holmberg Junction,Vero Beach,Florida,32964
Lamont,Gorger,lgorger1n@naver.com,669 Nova Park,Springfield,Massachusetts,01114
Benito,Jude,bjude1o@businesswire.com,1138 Pond Way,Washington,District of Columbia,20442
Andra,Draaisma,adraaisma1p@wikia.com,6804 Knutson Center,Knoxville,Tennessee,37919
Cherye,Randalston,crandalston1q@bigcartel.com,97524 Brentwood Trail,Kansas City,Missouri,64144
Hamnet,Rablin,hrablin1r@gmpg.org,5267 Northridge Road,Chicago,Illinois,60604
Dehlia,Storton,dstorton1s@rakuten.co.jp,71626 Susan Plaza,New York City,New York,10184
Jaquelin,Marklew,jmarklew1t@lycos.com,09832 Hollow Ridge Circle,New Castle,Pennsylvania,16107
Ingram,Varga,ivarga1u@mysql.com,9 Harper Hill,Santa Barbara,California,93111
Tressa,Itzik,titzik1v@senate.gov,17 New Castle Park,Melbourne,Florida,32941
Jordana,Alwen,jalwen1w@moonfruit.com,84 Di Loreto Drive,Cincinnati,Ohio,45249
Shani,Simeoni,ssimeoni1x@seattletimes.com,09712 Mifflin Plaza,Reston,Virginia,22096
Mimi,Gussie,mgussie1y@cam.ac.uk,0275 Homewood Terrace,Miami,Florida,33180
Quintin,Beardshall,qbeardshall1z@bbb.org,1 Scoville Avenue,Albany,New York,12232
Missie,Ahrend,mahrend20@japanpost.jp,9 Twin Pines Center,San Antonio,Texas,78205
Felipe,Hughlin,fhughlin21@bigcartel.com,5085 Helena Circle,San Francisco,California,94105
Rochester,Chamney,rchamney22@go.com,4 Clemons Hill,Fort Worth,Texas,76147
Fawnia,Dikels,fdikels23@businessweek.com,0 Anthes Way,Amarillo,Texas,79182
Helen,Doggrell,hdoggrell24@npr.org,61 Michigan Circle,Dallas,Texas,75372
Sax,Fernihough,sfernihough25@globo.com,77 Hollow Ridge Parkway,Columbus,Mississippi,39705
Arlette,Fuggles,afuggles26@nsw.gov.au,74968 Burning Wood Terrace,Port Washington,New York,11054
Alanna,Danielli,adanielli27@fc2.com,38372 John Wall Way,Seattle,Washington,98140
Fredi,Oneile,foneile28@ustream.tv,6782 Oneill Center,Springfield,Massachusetts,01114
Nicky,Ingleby,ningleby29@walmart.com,43420 Oak Valley Court,Seattle,Washington,98166
Felicdad,Quye,fquye2a@wunderground.com,1702 Beilfuss Court,Portsmouth,New Hampshire,00214
Jermaine,Castenda,jcastenda2b@jiathis.com,61 Red Cloud Alley,Omaha,Nebraska,68110
Alexei,McCrorie,amccrorie2c@sogou.com,93 Fieldstone Trail,Madison,Wisconsin,53726
Rosalia,Cree,rcree2d@istockphoto.com,501 Sommers Junction,Erie,Pennsylvania,16565
Merrick,Olech,molech2e@woothemes.com,9 Golf Course Parkway,Charlottesville,Virginia,22908
Layla,Braunton,lbraunton2f@independent.co.uk,75034 Bunting Circle,Baltimore,Maryland,21282
Ewell,Bremen,ebremen2g@google.es,244 Charing Cross Parkway,Dallas,Texas,75265
Josh,Shotboulte,jshotboulte2h@google.it,04602 Kennedy Point,Boston,Massachusetts,02114
Inga,McAw,imcaw2i@privacy.gov.au,6 Miller Place,Fort Pierce,Florida,34949
Darwin,Primmer,dprimmer2j@yahoo.co.jp,5 Schlimgen Lane,Lexington,Kentucky,40505
Kira,Lestor,klestor2k@liveinternet.ru,55 Canary Road,San Antonio,Texas,78291
Nicolis,Westpfel,nwestpfel2l@indiatimes.com,1438 Old Gate Point,Newport News,Virginia,23605
Salvidor,Scanderet,sscanderet2m@deviantart.com,0 Susan Place,Baton Rouge,Louisiana,70836
Bevan,Allmark,ballmark2n@vk.com,34 Weeping Birch Junction,El Paso,Texas,79989
Forest,Woodberry,fwoodberry2o@biblegateway.com,70 Bowman Road,Simi Valley,California,93094
Stefano,Copperwaite,scopperwaite2p@hostgator.com,35730 Blue Bill Park Place,Youngstown,Ohio,44505
Udell,Ransley,uransley2q@nih.gov,9725 Sycamore Alley,Madison,Wisconsin,53785
Roderick,Voisey,rvoisey2r@list-manage.com,251 Northridge Parkway,Idaho Falls,Idaho,83405
Clement,Laycock,claycock2s@stanford.edu,2182 Roth Lane,San Francisco,California,94121
Finlay,Petraitis,fpetraitis2t@comcast.net,0 Graedel Street,Rochester,New York,14619
Hobard,Seargeant,hseargeant2u@hugedomains.com,21 Dayton Alley,Ashburn,Virginia,22093
Claybourne,Rountree,crountree2v@opensource.org,795 Everett Lane,Macon,Georgia,31217
Viviana,MacPeake,vmacpeake2w@usda.gov,1320 Oxford Place,El Paso,Texas,79945
Josephine,Somes,jsomes2x@prlog.org,12237 Cottonwood Court,Lansing,Michigan,48956
Florida,Clempton,fclempton2y@parallels.com,01791 Gulseth Road,San Jose,California,95194
Carlee,Gisby,cgisby2z@weather.com,13 Prairie Rose Road,Huntington,West Virginia,25709
Willyt,Cartmer,wcartmer30@mediafire.com,9161 Buell Street,Dallas,Texas,75265
Wendel,Suff,wsuff31@cafepress.com,96341 Mesta Terrace,Hartford,Connecticut,06160
Inez,Arndtsen,iarndtsen32@4shared.com,609 Larry Plaza,El Paso,Texas,79984
Romain,Froschauer,rfroschauer33@myspace.com,40330 Chive Terrace,Henderson,Nevada,89074
Fayette,McClymond,fmcclymond34@hibu.com,37978 Lake View Way,Indianapolis,Indiana,46239
Ravi,Brandham,rbrandham35@si.edu,53 Straubel Road,Pittsburgh,Pennsylvania,15230
Ddene,Cleatherow,dcleatherow36@phpbb.com,7 Waywood Pass,Worcester,Massachusetts,01605
Jordan,Jeandillou,jjeandillou37@1und1.de,32613 Reindahl Road,Houston,Texas,77060
Jesse,Mattioni,jmattioni38@gov.uk,7 Meadow Vale Place,Augusta,Georgia,30905
Sabine,Avieson,savieson39@sun.com,317 Stuart Park,Ridgely,Maryland,21684
Federico,Pauleau,fpauleau3a@stanford.edu,6058 Hudson Avenue,Young America,Minnesota,55551
Marcy,Scola,mscola3b@wikispaces.com,5683 Golf Course Circle,Tucson,Arizona,85748
Donny,Kelsell,dkelsell3c@skype.com,5 Magdeline Place,Fort Lauderdale,Florida,33355
Helli,Grassick,hgrassick3d@omniture.com,29328 Meadow Valley Drive,North Port,Florida,34290
Bronnie,McEachern,bmceachern3e@yahoo.co.jp,228 Bunker Hill Junction,Lexington,Kentucky,40581
Dunn,Higounet,dhigounet3f@creativecommons.org,9411 Towne Crossing,Miami,Florida,33196
Lauraine,Weatherup,lweatherup3g@tumblr.com,2973 East Drive,Huntington,West Virginia,25705
Marty,Mattek,mmattek3h@w3.org,85220 Bluejay Way,Washington,District of Columbia,20268
Carline,Andriessen,candriessen3i@dion.ne.jp,033 Summit Street,San Jose,California,95194
Sileas,Gerold,sgerold3j@webeden.co.uk,2683 Merrick Place,Philadelphia,Pennsylvania,19136
Darrick,Heiner,dheiner3k@wikispaces.com,11889 Michigan Pass,Corpus Christi,Texas,78405
Elysee,Goolding,egoolding3l@blinklist.com,90 Rigney Plaza,Springfield,Ohio,45505
Hendrika,Mixer,hmixer3m@yellowbook.com,5 Carpenter Avenue,Atlanta,Georgia,31136
Nellie,Peaddie,npeaddie3n@merriam-webster.com,590 Cascade Avenue,Toledo,Ohio,43610
Dorri,Punter,dpunter3o@yolasite.com,594 Grover Pass,Peoria,Illinois,61605
Winnah,Bellwood,wbellwood3p@netvibes.com,457 Wayridge Park,Houston,Texas,77293
Kimmi,Kibble,kkibble3q@exblog.jp,0931 Clyde Gallagher Street,Milwaukee,Wisconsin,53225
Erma,O'Cullinane,eocullinane3r@scientificamerican.com,836 Shasta Park,El Paso,Texas,79955
Emmalyn,Lowdwell,elowdwell3s@exblog.jp,834 Magdeline Crossing,Chicago,Illinois,60636
Izak,Chittim,ichittim3t@weebly.com,0 Dapin Circle,Shreveport,Louisiana,71105
Kathy,Philippault,kphilippault3u@wiley.com,4935 Comanche Lane,San Diego,California,92105
Clint,Stuchbury,cstuchbury3v@fema.gov,267 Harper Trail,Phoenix,Arizona,85030
Leelah,Weymont,lweymont3w@dot.gov,18348 Cody Way,Nashville,Tennessee,37220
Sallyanne,Housen,shousen3x@g.co,2 Talisman Way,Jacksonville,Florida,32225
Jerrold,Dinwoodie,jdinwoodie3y@jalbum.net,6 Quincy Way,Colorado Springs,Colorado,80910
Maryjo,McIan,mmcian3z@samsung.com,38771 Crowley Parkway,Louisville,Kentucky,40225
Alfy,Seakes,aseakes40@home.pl,0071 Vidon Parkway,Fresno,California,93794
Cinnamon,Stoner,cstoner41@google.es,7 Clove Junction,New Orleans,Louisiana,70187
Collette,Stratiff,cstratiff42@github.io,55667 Columbus Alley,Pittsburgh,Pennsylvania,15230
Garek,Neesham,gneesham43@ehow.com,784 3rd Place,Springfield,Massachusetts,01152
Chase,Grissett,cgrissett44@imageshack.us,7 Gulseth Road,Salt Lake City,Utah,84135
Madelena,Soughton,msoughton45@desdev.cn,33 Lake View Parkway,Washington,District of Columbia,20566
Olav,Matz,omatz46@mediafire.com,264 Surrey Plaza,Irvine,California,92717
Dewitt,Currer,dcurrer47@freewebs.com,89690 Thackeray Alley,Anaheim,California,92825
Xena,Degoix,xdegoix48@cocolog-nifty.com,25828 Blackbird Pass,Topeka,Kansas,66611
Gardener,Clutterbuck,gclutterbuck49@shareasale.com,82 New Castle Junction,North Las Vegas,Nevada,89036
Grethel,Bellini,gbellini4a@wikispaces.com,64 Center Crossing,Fresno,California,93786
Cornell,Sprules,csprules4b@cbslocal.com,89375 Bluestem Hill,Hartford,Connecticut,06160
Indira,MacGruer,imacgruer4c@washingtonpost.com,22 Division Avenue,Melbourne,Florida,32941
Zeb,Boliver,zboliver4d@comsenz.com,4530 Maple Street,Jersey City,New Jersey,07310
George,Dykes,gdykes4e@facebook.com,4894 Logan Center,Newark,New Jersey,07112
Gertrudis,Silbersak,gsilbersak4f@sitemeter.com,8 Londonderry Place,Dayton,Ohio,45440
Miguelita,Smallcombe,msmallcombe4g@nih.gov,7077 Maywood Street,Washington,District of Columbia,20566
Gayleen,Sproule,gsproule4h@diigo.com,268 Pond Circle,Buffalo,New York,14263
Clemmy,McKeady,cmckeady4i@washington.edu,3 Granby Alley,Lansing,Michigan,48912
Ardra,Stryde,astryde4j@ftc.gov,9 Anhalt Terrace,Oakland,California,94627
Lorrie,Houlaghan,lhoulaghan4k@forbes.com,8473 Atwood Drive,Pittsburgh,Pennsylvania,15261
Yevette,Middlehurst,ymiddlehurst4l@imdb.com,22731 American Ash Plaza,Falls Church,Virginia,22047
Crystal,Prosser,cprosser4m@reference.com,4767 Milwaukee Hill,Staten Island,New York,10310
Derwin,Mc Meekin,dmcmeekin4n@admin.ch,20308 Moose Pass,Washington,District of Columbia,20310
Catharine,Wildbore,cwildbore4o@eventbrite.com,1175 Eliot Crossing,Bradenton,Florida,34210
Salli,Coiley,scoiley4p@amazon.com,1496 Kipling Point,Tacoma,Washington,98417
Leeland,Szymanski,lszymanski4q@prlog.org,6338 Little Fleur Point,Miami,Florida,33180
Camile,Hammerson,chammerson4r@cocolog-nifty.com,1 Welch Center,Fort Wayne,Indiana,46867
Shurlocke,Goold,sgoold4s@npr.org,05 Bonner Alley,Las Vegas,Nevada,89145
Lind,Haill,lhaill4t@hhs.gov,8188 Melvin Drive,Santa Monica,California,90405
Trevor,Oneil,toneil4u@php.net,406 Roth Point,Dayton,Ohio,45419
Augy,Gerber,agerber4v@pcworld.com,210 Lien Drive,Pasadena,California,91117
Chuck,Rosi,crosi4w@godaddy.com,3090 Bowman Point,Scottsdale,Arizona,85260
Hadria,Packman,hpackman4x@buzzfeed.com,75634 Basil Terrace,Baltimore,Maryland,21265
Ayn,Dunridge,adunridge4y@live.com,6944 Randy Court,Phoenix,Arizona,85010
Jameson,Lowater,jlowater4z@nasa.gov,68 Rigney Parkway,Cedar Rapids,Iowa,52405
Sallyann,Jeness,sjeness50@aol.com,5 Dryden Alley,North Little Rock,Arkansas,72118
Mireielle,Broune,mbroune51@scribd.com,341 Leroy Plaza,Amarillo,Texas,79165
Remington,Perren,rperren52@networksolutions.com,32008 Delaware Alley,Midland,Texas,79710
Valma,Twomey,vtwomey53@cdbaby.com,102 Rockefeller Lane,Jamaica,New York,11436
Godfry,Willsmore,gwillsmore54@huffingtonpost.com,49 Delaware Park,Clearwater,Florida,34620
Jerrie,Ringrose,jringrose55@prlog.org,3049 Magdeline Crossing,Van Nuys,California,91499
Fin,Creek,fcreek56@thetimes.co.uk,11475 Columbus Road,Inglewood,California,90305
Jesus,Curedell,jcuredell57@hugedomains.com,5 Sundown Alley,Syracuse,New York,13217
Rosa,Hucke,rhucke58@edublogs.org,92220 Prentice Crossing,Saint Cloud,Minnesota,56372
Del,Gambrell,dgambrell59@icio.us,84508 Derek Circle,Philadelphia,Pennsylvania,19131
Ewen,Tuberfield,etuberfield5a@drupal.org,2555 Fairfield Place,Erie,Pennsylvania,16505
Darin,M'Quharge,dmquharge5b@un.org,683 Mifflin Terrace,San Diego,California,92145
Analise,Goodlud,agoodlud5c@usda.gov,457 Jenna Hill,San Bernardino,California,92405
Giacobo,Hamlet,ghamlet5d@barnesandnoble.com,5298 Hoepker Lane,Memphis,Tennessee,38181
Rosalind,Jakubowsky,rjakubowsky5e@va.gov,10240 Paget Circle,Birmingham,Alabama,35231
Clark,Limpertz,climpertz5f@typepad.com,39 Corben Avenue,South Bend,Indiana,46620
Allie,Guerrieri,aguerrieri5g@omniture.com,2 Village Green Pass,Los Angeles,California,90030
Valdemar,O'Clery,voclery5h@uol.com.br,55056 Vidon Pass,Colorado Springs,Colorado,80930
Tandy,Larrosa,tlarrosa5i@marriott.com,4822 Algoma Avenue,Jeffersonville,Indiana,47134
Petronia,Walcar,pwalcar5j@merriam-webster.com,121 Chinook Avenue,Huntsville,Alabama,35810
Banky,Coker,bcoker5k@scientificamerican.com,9 Debra Lane,Roanoke,Virginia,24040
Billie,Fairfoul,bfairfoul5l@unesco.org,23194 Brown Point,Houston,Texas,77005
Paddie,Gainsborough,pgainsborough5m@cloudflare.com,6209 Banding Junction,Oklahoma City,Oklahoma,73124
Javier,Patshull,jpatshull5n@nasa.gov,289 Dunning Crossing,Midland,Texas,79705
Maynard,Agett,magett5o@irs.gov,2 Iowa Drive,Wichita,Kansas,67215
Penrod,Medling,pmedling5p@sina.com.cn,1393 Thackeray Center,Springfield,Massachusetts,01105
Agata,Toner,atoner5q@bloglovin.com,14 Derek Point,Oklahoma City,Oklahoma,73142
Alfreda,Ipgrave,aipgrave5r@gnu.org,32 Melby Junction,Fort Wayne,Indiana,46896
Ivie,Blunn,iblunn5s@yahoo.com,72694 Superior Court,Duluth,Minnesota,55811
Dave,Smittoune,dsmittoune5t@shop-pro.jp,4314 Declaration Road,El Paso,Texas,79955
Gabriele,Maroney,gmaroney5u@sogou.com,09285 Norway Maple Avenue,Houston,Texas,77206
Cory,Sprackling,csprackling5v@wiley.com,63281 Towne Lane,Raleigh,North Carolina,27615
Krissy,Blackburne,kblackburne5w@twitter.com,71 Mariners Cove Alley,Memphis,Tennessee,38150
Leda,Quaif,lquaif5x@dion.ne.jp,113 Colorado Alley,Ridgely,Maryland,21684
Maggie,Mullineux,mmullineux5y@cnet.com,87 Oneill Hill,Austin,Texas,78769
Damien,Raulston,draulston5z@ted.com,5 Bluejay Center,Jacksonville,Florida,32225
Sergei,Courteney,scourteney60@yahoo.co.jp,1903 Doe Crossing Plaza,Cincinnati,Ohio,45296
Niki,Thorius,nthorius61@usgs.gov,89 Oak Plaza,Atlanta,Georgia,30306
Raine,Sleany,rsleany62@bravesites.com,6036 Superior Pass,Saint Petersburg,Florida,33742
Timi,Emons,temons63@who.int,50631 Stone Corner Plaza,Saint Louis,Missouri,63167
Melvyn,Barbery,mbarbery64@google.nl,90730 Mitchell Avenue,Tampa,Florida,33633
Dayle,Danslow,ddanslow65@cdbaby.com,5 Browning Street,El Paso,Texas,88574
Estella,Jobbing,ejobbing66@wordpress.com,8 Green Place,Newark,New Jersey,07195
Carly,Merrington,cmerrington67@skype.com,7425 Oneill Terrace,Springfield,Virginia,22156
Drusilla,Cockman,dcockman68@opera.com,40163 Mallory Way,Des Moines,Iowa,50347
Ailey,Passey,apassey69@jimdo.com,64 Kim Road,Tucson,Arizona,85710
Marnie,Halvosen,mhalvosen6a@woothemes.com,9 Londonderry Alley,Cambridge,Massachusetts,02142
Chastity,Elderton,celderton6b@howstuffworks.com,7 3rd Pass,Amarillo,Texas,79159
Ephrayim,Pietrowski,epietrowski6c@forbes.com,48 Vernon Plaza,Portland,Oregon,97206
Ashly,Ege,aege6d@sfgate.com,0 Burning Wood Street,Dallas,Texas,75367
Ferdy,Ramalhete,framalhete6e@reddit.com,509 4th Court,Waco,Texas,76711
Lem,Heberden,lheberden6f@technorati.com,8885 Grover Crossing,Port Washington,New York,11054
Rebecca,Esser,resser6g@unc.edu,1550 Spenser Junction,Pensacola,Florida,32575
Krishnah,Lough,klough6h@gnu.org,6 John Wall Trail,Salt Lake City,Utah,84115
Michell,Goves,mgoves6i@fastcompany.com,9 Muir Terrace,Saint Louis,Missouri,63126
Ludvig,Slimme,lslimme6j@issuu.com,3517 Linden Trail,Baltimore,Maryland,21275
Lilith,Antyshev,lantyshev6k@hugedomains.com,12635 Melody Center,San Antonio,Texas,78240
Hazlett,Wimbush,hwimbush6l@imgur.com,7595 Main Lane,Little Rock,Arkansas,72215
Audy,Gun,agun6m@freewebs.com,35 Dwight Lane,Ocala,Florida,34479
Hamlen,Stranieri,hstranieri6n@ftc.gov,1599 Sunbrook Plaza,Dallas,Texas,75358
Elijah,O'Bruen,eobruen6o@wikispaces.com,06102 Grim Point,Washington,District of Columbia,20503
Nancey,Lodge,nlodge6p@example.com,799 Vera Road,San Francisco,California,94164
Luis,Knobell,lknobell6q@barnesandnoble.com,50626 Florence Center,Rochester,New York,14604
Winfred,Kiddey,wkiddey6r@rambler.ru,02 Blue Bill Park Center,Huntington,West Virginia,25721
Joelynn,Caslake,jcaslake6s@chicagotribune.com,2104 Eggendart Avenue,Santa Ana,California,92725
Leicester,Renouf,lrenouf6t@bbb.org,37862 Eastwood Hill,Albuquerque,New Mexico,87140
Morgana,Chellenham,mchellenham6u@boston.com,03 Debs Park,El Paso,Texas,88525
Phelia,Pearse,ppearse6v@flickr.com,0 Oriole Center,Minneapolis,Minnesota,55407
Gradey,Hundy,ghundy6w@dion.ne.jp,7154 Londonderry Point,Wichita,Kansas,67220
Faustina,Pawley,fpawley6x@chicagotribune.com,86 Ryan Crossing,Portland,Maine,04109
Brock,Belly,bbelly6y@lulu.com,16 Victoria Lane,Lansing,Michigan,48930
Xymenes,Snap,xsnap6z@altervista.org,09443 Burning Wood Terrace,Atlanta,Georgia,30351
Stanfield,Shreenan,sshreenan70@cornell.edu,9 Graedel Point,Madison,Wisconsin,53705
Felicia,Francescuccio,ffrancescuccio71@etsy.com,2000 Goodland Park,Dayton,Ohio,45490
Porter,Bowhay,pbowhay72@cpanel.net,896 Charing Cross Junction,Detroit,Michigan,48211
Elroy,Height,eheight73@youtu.be,97689 Monument Plaza,Portland,Oregon,97229
Milt,Maith,mmaith74@dailymail.co.uk,1 Merrick Alley,Seattle,Washington,98158
Orson,Moncarr,omoncarr75@usa.gov,803 Portage Crossing,Erie,Pennsylvania,16550
Jacquette,Trenbey,jtrenbey76@yellowbook.com,6 Starling Terrace,Seattle,Washington,98158
Tamqrah,Limeburn,tlimeburn77@webs.com,0009 Farragut Place,New York City,New York,10131
Glori,Fiander,gfiander78@tiny.cc,2895 Clove Junction,Stamford,Connecticut,06922
Mic,Popplewell,mpopplewell79@bbc.co.uk,1 Scoville Center,Pueblo,Colorado,81010
Patrick,de Wilde,pdewilde7a@miibeian.gov.cn,8165 Gerald Road,Reno,Nevada,89505
Saunders,Crone,scrone7b@answers.com,35943 Lotheville Way,Philadelphia,Pennsylvania,19178
Rollins,Warrener,rwarrener7c@nymag.com,877 Manley Center,Charlotte,North Carolina,28220
Galven,Humblestone,ghumblestone7d@nba.com,603 Killdeer Circle,Reno,Nevada,89505
Thomas,Aslen,taslen7e@google.com.br,8508 Express Hill,Corpus Christi,Texas,78465
Jemie,Bartosiak,jbartosiak7f@ftc.gov,7391 Eastlawn Way,El Paso,Texas,88579
Rollie,Gallemore,rgallemore7g@craigslist.org,8573 Canary Park,Honolulu,Hawaii,96810
Felicle,McGoldrick,fmcgoldrick7h@ihg.com,0293 Old Gate Road,Indianapolis,Indiana,46231
Florina,Parsons,fparsons7i@rakuten.co.jp,72397 Mockingbird Junction,Bronx,New York,10469
Micheline,Arenson,marenson7j@accuweather.com,392 Darwin Drive,Canton,Ohio,44710
Hortense,Baff,hbaff7k@canalblog.com,39219 Transport Junction,Anchorage,Alaska,99517
Justinn,Jell,jjell7l@walmart.com,2 Waxwing Road,Chicago,Illinois,60674
Marian,Duncombe,mduncombe7m@sakura.ne.jp,17569 Dawn Hill,Huntington,West Virginia,25770
Mabelle,Menhci,mmenhci7n@de.vu,18552 Butternut Alley,Irvine,California,92619
Julianna,Renowden,jrenowden7o@ustream.tv,2644 Manley Park,San Francisco,California,94132
Les,Martill,lmartill7p@tumblr.com,827 Mosinee Road,Boston,Massachusetts,02163
Ellwood,Philipet,ephilipet7q@godaddy.com,51316 Forest Way,Charlotte,North Carolina,28284
Celka,Songust,csongust7r@blinklist.com,6313 Lakewood Lane,Memphis,Tennessee,38197
Bernette,Korous,bkorous7s@tamu.edu,15621 John Wall Terrace,Pittsburgh,Pennsylvania,15220
Mariya,Stoacley,mstoacley7t@nature.com,28 Arizona Circle,Saint Louis,Missouri,63110
Simonne,Meredyth,smeredyth7u@dmoz.org,0903 Sutherland Road,Gadsden,Alabama,35905
Abran,Pawelczyk,apawelczyk7v@discuz.net,811 Corry Drive,Miami,Florida,33185
Mikel,Mowbray,mmowbray7w@google.pl,60820 Dayton Court,Washington,District of Columbia,20244
Marcos,Finlow,mfinlow7x@barnesandnoble.com,04673 Roth Drive,Atlanta,Georgia,30351
Rina,Duiguid,rduiguid7y@time.com,4 Clyde Gallagher Street,Santa Cruz,California,95064
Bentlee,Oxborrow,boxborrow7z@senate.gov,05 Superior Junction,Philadelphia,Pennsylvania,19109
Ronica,Labadini,rlabadini80@cornell.edu,0445 Sheridan Pass,Norcross,Georgia,30092
Lorne,Keepence,lkeepence81@hp.com,72 Blue Bill Park Street,Roanoke,Virginia,24020
Berty,Claeskens,bclaeskens82@feedburner.com,7 Birchwood Pass,Buffalo,New York,14269
Wilhelmine,Dods,wdods83@tinypic.com,3299 Di Loreto Trail,Philadelphia,Pennsylvania,19109
Fraze,Harbidge,fharbidge84@1und1.de,61621 Westridge Circle,San Diego,California,92165
Haze,Weekland,hweekland85@vk.com,6062 Park Meadow Junction,Jamaica,New York,11436
Reynold,Vowden,rvowden86@about.com,1270 Burrows Parkway,Phoenix,Arizona,85015
Roderigo,Clissett,rclissett87@army.mil,23759 Rowland Parkway,Daytona Beach,Florida,32123
Byron,Emmatt,bemmatt88@yellowpages.com,39 Rockefeller Center,Sarasota,Florida,34276
Odette,Chastelain,ochastelain89@twitpic.com,2 Graceland Alley,Clearwater,Florida,34620
Giorgi,Gormally,ggormally8a@usda.gov,95 Butternut Circle,Greeley,Colorado,80638
Hannie,Gillibrand,hgillibrand8b@youtu.be,1 Judy Place,Chula Vista,California,91913
Dallis,Kummerlowe,dkummerlowe8c@printfriendly.com,15273 Crownhardt Center,Fresno,California,93709
Francoise,Fearne,ffearne8d@google.com,20656 Hoard Pass,Spokane,Washington,99260
Prinz,Howard - Gater,phowardgater8e@yahoo.co.jp,36823 Meadow Vale Center,Honolulu,Hawaii,96850
Cassie,Dunan,cdunan8f@typepad.com,30 Holy Cross Parkway,Pittsburgh,Pennsylvania,15279
Melvin,Postles,mpostles8g@yolasite.com,82745 Havey Alley,Albuquerque,New Mexico,87110
Ilsa,Wayte,iwayte8h@free.fr,3 Dottie Center,New York City,New York,10014
Alvira,Habin,ahabin8i@vkontakte.ru,8801 Hanson Avenue,Augusta,Georgia,30911
Eleanora,Eskrick,eeskrick8j@wikipedia.org,01297 Clemons Trail,Toledo,Ohio,43615
Shoshana,Scrimgeour,sscrimgeour8k@guardian.co.uk,4853 Monica Point,Whittier,California,90610
Abbey,Crippen,acrippen8l@amazon.com,006 Bowman Lane,Fort Worth,Texas,76129
Maureene,Louch,mlouch8m@kickstarter.com,295 Golf Course Center,Appleton,Wisconsin,54915
Dare,Shermar,dshermar8n@last.fm,0097 Sullivan Plaza,Houston,Texas,77005
Marisa,MacCarrane,mmaccarrane8o@house.gov,20 Haas Crossing,Homestead,Florida,33034
Alikee,Probate,aprobate8p@squidoo.com,7594 Jackson Junction,Pueblo,Colorado,81010
Drusy,Michelle,dmichelle8q@ted.com,096 Pierstorff Avenue,Reading,Pennsylvania,19605
Cynthie,Tittletross,ctittletross8r@google.fr,30 Crowley Park,Birmingham,Alabama,35242
Bili,Devennie,bdevennie8s@bbb.org,750 Swallow Drive,Dallas,Texas,75210
Monroe,MacGraith,mmacgraith8t@china.com.cn,56257 Randy Lane,San Jose,California,95108
Calvin,Gofford,cgofford8u@berkeley.edu,1 Dottie Circle,Bridgeport,Connecticut,06606
Nicky,Trace,ntrace8v@disqus.com,70 Banding Lane,Wichita Falls,Texas,76310
Ernestine,Torri,etorri8w@surveymonkey.com,69376 Ilene Terrace,Crawfordsville,Indiana,47937
Raychel,Meadows,rmeadows8x@netscape.com,9 Northfield Way,Newport News,Virginia,23612
Adrienne,Backes,abackes8y@digg.com,9940 Ridgeview Place,San Jose,California,95113
Kirk,Gowers,kgowers8z@wikimedia.org,44508 Pearson Center,Pinellas Park,Florida,34665
Mari,Wallenger,mwallenger90@washingtonpost.com,73632 Harbort Court,Topeka,Kansas,66699
Ryann,Pointer,rpointer91@miitbeian.gov.cn,179 Green Junction,Mobile,Alabama,36616
Prudi,Merryfield,pmerryfield92@latimes.com,8 Russell Crossing,Anchorage,Alaska,99512
Brandice,Stefi,bstefi93@blogger.com,07 Mayer Point,Scottsdale,Arizona,85255
Wade,Memory,wmemory94@webs.com,024 Bellgrove Drive,Lynn,Massachusetts,01905
Barby,Beecheno,bbeecheno95@un.org,12700 Stuart Place,Zephyrhills,Florida,33543
Lilith,Kynan,lkynan96@digg.com,79 Barby Court,Tampa,Florida,33615
Theo,Corkan,tcorkan97@msu.edu,24050 Elmside Trail,Charleston,West Virginia,25336
Saul,Beeres,sbeeres98@opera.com,821 Fordem Lane,Killeen,Texas,76544
Ruy,Eeles,reeles99@pagesperso-orange.fr,7 Graedel Junction,San Diego,California,92196
Daryle,Hyslop,dhyslop9a@seattletimes.com,61 Tennessee Court,New Orleans,Louisiana,70183
Ingra,Dunn,idunn9b@gizmodo.com,41 Golf View Point,Kansas City,Missouri,64153
Asia,Dametti,adametti9c@house.gov,157 Banding Circle,Dayton,Ohio,45454
Ric,Kidstoun,rkidstoun9d@google.ca,1512 Prairieview Hill,Indianapolis,Indiana,46266
Chelsea,Casswell,ccasswell9e@domainmarket.com,506 Monument Circle,Las Vegas,Nevada,89145
Germaine,O'Kielt,gokielt9f@hp.com,4 Butternut Plaza,Roanoke,Virginia,24020
Bunny,Pilcher,bpilcher9g@economist.com,2781 Bobwhite Terrace,Seattle,Washington,98195
Lion,Moulds,lmoulds9h@stanford.edu,0 Meadow Ridge Crossing,Milwaukee,Wisconsin,53263
Graham,Pentland,gpentland9i@google.com.au,9320 Ilene Terrace,Tampa,Florida,33610
Malia,Pillifant,mpillifant9j@vinaora.com,283 Oak Crossing,Van Nuys,California,91411
Stephanie,Kardos-Stowe,skardosstowe9k@163.com,8059 Hovde Parkway,Washington,District of Columbia,20409
Spence,Bielfeldt,sbielfeldt9l@whitehouse.gov,47006 Fairfield Road,Birmingham,Alabama,35285
Georgy,Capaldo,gcapaldo9m@who.int,7 Hauk Road,Flint,Michigan,48555
Lucias,Trigwell,ltrigwell9n@merriam-webster.com,7 Jenna Court,Boise,Idaho,83732
Merrick,Linstead,mlinstead9o@wordpress.com,614 Carioca Crossing,Denver,Colorado,80255
Dory,Gansbuhler,dgansbuhler9p@china.com.cn,31 Killdeer Lane,Dallas,Texas,75372
Devy,Thunnercliff,dthunnercliff9q@vk.com,7 Grim Circle,Spokane,Washington,99215
Betta,Gunstone,bgunstone9r@un.org,106 Arkansas Street,Tyler,Texas,75705
Torey,Lesor,tlesor9s@intel.com,94617 Spaight Plaza,Jeffersonville,Indiana,47134
Tonia,Andrei,tandrei9t@reuters.com,27 Waubesa Road,Visalia,California,93291
Merry,Smallshaw,msmallshaw9u@joomla.org,6 Magdeline Place,Chicago,Illinois,60614
Sherill,Lello,slello9v@reverbnation.com,8651 Crescent Oaks Crossing,Youngstown,Ohio,44511
Gerhardine,Vala,gvala9w@yale.edu,86 Ridgeway Lane,Sacramento,California,95894
Dorian,Syphas,dsyphas9x@cbc.ca,83 Montana Road,Stockton,California,95298
Reilly,Duffree,rduffree9y@vkontakte.ru,38642 Oak Valley Crossing,Augusta,Georgia,30919
Bartholomew,Chin,bchin9z@ehow.com,742 Eastwood Parkway,Decatur,Illinois,62525
Woody,Hunnicutt,whunnicutta0@shareasale.com,4815 Glendale Street,El Paso,Texas,88563
Zarla,Doul,zdoula1@shinystat.com,2049 Blackbird Circle,Phoenix,Arizona,85067
Upton,Ripper,urippera2@reuters.com,888 Buena Vista Way,North Hollywood,California,91606
Sam,Wixon,swixona3@github.io,0 Myrtle Court,El Paso,Texas,88541
Rafe,Janew,rjanewa4@soundcloud.com,40 Warner Center,Farmington,Michigan,48335
Benjy,Rees,breesa5@cam.ac.uk,9 East Court,Saint Louis,Missouri,63167
Meaghan,Ellerton,mellertona6@sina.com.cn,99 Bay Avenue,Providence,Rhode Island,02912
Bartie,Blaine,bblainea7@gov.uk,56997 Parkside Terrace,Scranton,Pennsylvania,18505
Wendall,Ralls,wrallsa8@umn.edu,05 Waxwing Pass,Louisville,Kentucky,40293
Mel,Pizer,mpizera9@lycos.com,148 Kenwood Court,West Palm Beach,Florida,33421
Laural,Shoebottom,lshoebottomaa@comcast.net,6 Dakota Circle,Detroit,Michigan,48224
Ethan,Copcote,ecopcoteab@sogou.com,0 Summer Ridge Drive,Texarkana,Texas,75507
Farrah,Hague,fhagueac@unblog.fr,4 Towne Drive,Phoenix,Arizona,85062
Rasia,Toogood,rtoogoodad@thetimes.co.uk,490 Knutson Alley,Rochester,New York,14619
Seth,Mollitt,smollittae@cisco.com,2052 Florence Parkway,Nashville,Tennessee,37220
Brandais,Megson,bmegsonaf@fema.gov,717 Huxley Trail,Arlington,Virginia,22234
Tab,Fortnon,tfortnonag@diigo.com,1 Bartelt Street,Boise,Idaho,83727
Wilmar,Broadfield,wbroadfieldah@livejournal.com,4358 Lotheville Lane,North Las Vegas,Nevada,89036
Britt,Whitlam,bwhitlamai@alibaba.com,1501 Arrowood Alley,Jacksonville,Florida,32255
Cherri,McCerery,cmccereryaj@e-recht24.de,49 Mccormick Hill,Dallas,Texas,75342
Karl,Yockney,kyockneyak@mac.com,8494 Hoepker Park,Pasadena,California,91131
Dell,Whitlow,dwhitlowal@gravatar.com,65677 Karstens Junction,Omaha,Nebraska,68105
Jasper,Rubinfeld,jrubinfeldam@g.co,48 Summerview Center,Louisville,Kentucky,40266
Ryon,Hallad,rhalladan@sourceforge.net,40127 Shasta Hill,Beaverton,Oregon,97075
Paola,FitzAlan,pfitzalanao@drupal.org,70947 Orin Center,Young America,Minnesota,55557
Elden,Lamb-shine,elambshineap@smh.com.au,94 Oakridge Plaza,Bonita Springs,Florida,34135
Tatiana,Gomersal,tgomersalaq@etsy.com,8 Vahlen Way,San Diego,California,92176
Donovan,Ogers,dogersar@vistaprint.com,3 Sutherland Way,Birmingham,Alabama,35254
Tibold,Gernier,tgernieras@tmall.com,46 Westport Park,New York City,New York,10249
Helyn,Haimes,hhaimesat@tinyurl.com,5 Elmside Drive,Pittsburgh,Pennsylvania,15240
Karlie,Grayston,kgraystonau@loc.gov,25 Gina Center,Kansas City,Missouri,64142
Bil,Buscher,bbuscherav@seattletimes.com,4321 Maple Terrace,Delray Beach,Florida,33448
Alys,Brazer,abrazeraw@sphinn.com,080 Almo Lane,West Palm Beach,Florida,33416
Lacee,Fannon,lfannonax@prweb.com,2284 Bellgrove Court,Tampa,Florida,33680
Noel,Shropshire,nshropshireay@marketwatch.com,83334 Oakridge Avenue,Sacramento,California,95828
Corrine,Heales,chealesaz@fc2.com,02 Ruskin Court,Cambridge,Massachusetts,02142
Guillaume,Bengochea,gbengocheab0@usatoday.com,466 Swallow Plaza,Escondido,California,92030
Hayley,Pache,hpacheb1@tuttocitta.it,77 Mosinee Pass,Sarasota,Florida,34238
Karlene,McGirr,kmcgirrb2@t.co,24 Cascade Way,Bozeman,Montana,59771
Chrisse,Maharey,cmahareyb3@nymag.com,783 Packers Circle,Kansas City,Missouri,64179
Julieta,Tomanek,jtomanekb4@msu.edu,39 Maywood Road,Omaha,Nebraska,68117
Stephanus,Farden,sfardenb5@google.ca,413 Shasta Alley,Long Beach,California,90831
Kellen,Plumptre,kplumptreb6@va.gov,14 Burning Wood Way,North Las Vegas,Nevada,89087
Marc,Fulloway,mfullowayb7@time.com,5 Dahle Street,Columbus,Ohio,43240
Wylma,Valek,wvalekb8@github.com,3 Shelley Street,Atlanta,Georgia,30323
Siward,Gonet,sgonetb9@sphinn.com,1 Debs Lane,Peoria,Illinois,61635
Monti,Sertin,msertinba@usgs.gov,113 Haas Court,Charleston,West Virginia,25305
Fanchon,Rist,fristbb@ask.com,00825 Merchant Place,Saint Louis,Missouri,63121
Saxe,Jewise,sjewisebc@about.com,300 Crowley Park,Portland,Oregon,97296
Killie,Goulbourne,kgoulbournebd@nymag.com,2927 Truax Court,Amarillo,Texas,79171
Alexandro,Izhak,aizhakbe@yellowpages.com,15841 Hallows Crossing,Boise,Idaho,83716
Sandi,Harnor,sharnorbf@sogou.com,20826 Shoshone Lane,San Jose,California,95113
Talya,Croce,tcrocebg@ed.gov,7500 Northland Trail,Omaha,Nebraska,68110
Delmore,Potteridge,dpotteridgebh@altervista.org,103 Lighthouse Bay Circle,Kansas City,Missouri,64190
Randell,Carpmile,rcarpmilebi@opera.com,09 Toban Point,San Diego,California,92110
Alexandr,Beldum,abeldumbj@comsenz.com,39 Toban Hill,Los Angeles,California,90071
Natal,Tailby,ntailbybk@redcross.org,931 Pine View Way,Portland,Oregon,97201
Goldarina,Remnant,gremnantbl@wordpress.org,96643 Del Sol Point,Brooklyn,New York,11254
Abigael,Lambregts,alambregtsbm@phpbb.com,520 Tennyson Point,Tulsa,Oklahoma,74126
Bertrand,Cuttles,bcuttlesbn@cmu.edu,58 Springview Crossing,Grand Forks,North Dakota,58207
Winfield,Morot,wmorotbo@taobao.com,09445 Northwestern Point,Rochester,New York,14614
Renata,Winny,rwinnybp@indiatimes.com,087 Hanson Parkway,Salt Lake City,Utah,84130
Lissie,Idill,lidillbq@edublogs.org,7532 Hazelcrest Alley,Canton,Ohio,44705
Channa,Chaize,cchaizebr@abc.net.au,0329 Oriole Park,Everett,Washington,98206
Nan,Baskerfield,nbaskerfieldbs@techcrunch.com,000 Stephen Court,Atlanta,Georgia,30375
Aloysia,Carnihan,acarnihanbt@usatoday.com,47021 Tomscot Lane,Burbank,California,91520
Fanechka,Hunton,fhuntonbu@state.tx.us,40 Melvin Park,Mobile,Alabama,36670
Modestia,Churchward,mchurchwardbv@mac.com,14 Erie Point,South Bend,Indiana,46614
Lockwood,Wrathmall,lwrathmallbw@hao123.com,3 Bunting Plaza,Huntington,West Virginia,25775
Jaquenetta,McCarney,jmccarneybx@vistaprint.com,54 Mesta Center,Macon,Georgia,31217
Tabbatha,Kings,tkingsby@deliciousdays.com,02 Holmberg Point,Reno,Nevada,89510
Frederich,Gerbi,fgerbibz@pen.io,86646 Pearson Terrace,Washington,District of Columbia,20310
Tiff,Arendsen,tarendsenc0@jugem.jp,2 Kingsford Way,Birmingham,Alabama,35225
Darda,Abramof,dabramofc1@indiegogo.com,7 Grover Park,Shawnee Mission,Kansas,66210
Alameda,Pember,apemberc2@google.pl,14377 Scoville Center,Augusta,Georgia,30905
Shelbi,BoHlingolsen,sbohlingolsenc3@bloglovin.com,2062 Ridgeway Circle,Young America,Minnesota,55557
Deloria,Igounet,digounetc4@cyberchimps.com,00 Reindahl Plaza,Olympia,Washington,98506
Lyda,Plett,lplettc5@unicef.org,58 Riverside Trail,Albany,New York,12242
Kesley,Nadin,knadinc6@unesco.org,73497 Bonner Crossing,Dallas,Texas,75392
Bertie,Bonass,bbonassc7@bbb.org,3203 Mccormick Avenue,Albany,New York,12237
Jay,Nelm,jnelmc8@answers.com,39 Schmedeman Alley,Fort Worth,Texas,76147
Aleece,Ogborn,aogbornc9@deviantart.com,2077 Cardinal Point,Topeka,Kansas,66642
Zsa zsa,Loch,zlochca@adobe.com,71 Nelson Terrace,Fargo,North Dakota,58122
Modesta,Wife,mwifecb@ucoz.com,69902 Manley Circle,Orlando,Florida,32854
Jorry,Pencott,jpencottcc@newyorker.com,8930 Fallview Place,Kent,Washington,98042
Demetris,Rolls,drollscd@hc360.com,9 Westridge Pass,Phoenix,Arizona,85067
Fania,Rigts,frigtsce@stanford.edu,0 Lindbergh Plaza,Baltimore,Maryland,21216
Arv,Stedman,astedmancf@utexas.edu,783 Hazelcrest Circle,Washington,District of Columbia,20319
Alon,de Merida,ademeridacg@disqus.com,24 Victoria Trail,Cincinnati,Ohio,45999
Annabell,Phethean,aphetheanch@hexun.com,809 Pawling Center,Lincoln,Nebraska,68505
Gabriele,Blakes,gblakesci@ezinearticles.com,15107 Summit Alley,New York City,New York,10160
Jaymie,Bamell,jbamellcj@globo.com,91583 Blue Bill Park Junction,Fort Worth,Texas,76178
Garrett,Nand,gnandck@vk.com,649 Tony Center,Charlotte,North Carolina,28263
Eddy,Springtorp,espringtorpcl@hugedomains.com,365 Sundown Lane,Montgomery,Alabama,36177
Madelaine,Barthram,mbarthramcm@intel.com,940 International Hill,Corona,California,92883
Kary,Osmond,kosmondcn@tuttocitta.it,16414 Bayside Road,Amarillo,Texas,79116
Clevie,Ghilks,cghilksco@google.co.jp,45595 Mandrake Road,Nashville,Tennessee,37228
Aarika,Gheeorghie,agheeorghiecp@admin.ch,949 Aberg Drive,Flint,Michigan,48555
Nahum,Brookwood,nbrookwoodcq@washingtonpost.com,65206 Chinook Park,Las Vegas,Nevada,89125
Veronique,Brock,vbrockcr@bloomberg.com,840 Golf Course Drive,Portland,Oregon,97232
Olympie,Gracey,ograceycs@last.fm,1 Randy Center,San Francisco,California,94126
Evangelina,Barkhouse,ebarkhousect@ameblo.jp,30 Fremont Center,San Diego,California,92121
Patrizia,Canadine,pcanadinecu@soup.io,4097 Sullivan Drive,Brockton,Massachusetts,02305
Red,Corish,rcorishcv@i2i.jp,89469 Charing Cross Way,Erie,Pennsylvania,16565
Lock,Harnwell,lharnwellcw@princeton.edu,3137 Sachs Circle,Denver,Colorado,80255
Wandis,Rolfi,wrolficx@businessinsider.com,08522 7th Court,Aurora,Colorado,80015
Dode,Mooney,dmooneycy@wikimedia.org,6 Bluejay Lane,Juneau,Alaska,99812
Olympie,Pape,opapecz@yellowpages.com,0 Prentice Park,Bryan,Texas,77806
Winona,Andreolli,wandreollid0@unicef.org,71 Sage Road,Denver,Colorado,80228
Wang,Kigelman,wkigelmand1@taobao.com,38425 Barnett Plaza,New York City,New York,10099
Davina,Turfus,dturfusd2@scientificamerican.com,1 Chive Crossing,New York City,New York,10160
Latrena,Belliss,lbellissd3@who.int,1260 Golf Lane,New Orleans,Louisiana,70149
Bar,Flaunier,bflaunierd4@yale.edu,4473 Mifflin Street,Lincoln,Nebraska,68510
Cory,Glanz,cglanzd5@sitemeter.com,0 Gina Crossing,Denver,Colorado,80243
Fionnula,Rawlcliffe,frawlcliffed6@baidu.com,26475 Havey Place,Atlanta,Georgia,30316
Merrilee,Filewood,mfilewoodd7@archive.org,70 Duke Drive,Fort Wayne,Indiana,46862
Gwen,Passmore,gpassmored8@xing.com,294 Maywood Way,New York City,New York,10249
Lilias,Amberger,lambergerd9@nba.com,244 Thackeray Trail,Sioux Falls,South Dakota,57188
Valentijn,Lammertz,vlammertzda@yale.edu,58 Vernon Hill,Sioux Falls,South Dakota,57110
Oralle,Chidler,ochidlerdb@google.it,28644 American Ash Road,Springfield,Missouri,65898
Bryant,Birkby,bbirkbydc@dailymotion.com,14 Express Parkway,Garland,Texas,75044
Townsend,Ashington,tashingtondd@google.co.jp,0 Nelson Road,Louisville,Kentucky,40215
Liz,Brock,lbrockde@mozilla.com,51 Larry Court,Fort Worth,Texas,76129
Elita,Thurlby,ethurlbydf@t.co,67 Sutteridge Way,Las Vegas,Nevada,89105
Matt,Esposita,mespositadg@usa.gov,5 Dahle Drive,Ogden,Utah,84403
Christabella,Rugg,cruggdh@weibo.com,87 Beilfuss Park,Houston,Texas,77070
Lindy,Gallimore,lgallimoredi@jalbum.net,3942 Toban Drive,Bradenton,Florida,34282
Hoyt,Twidle,htwidledj@bizjournals.com,0 Annamark Hill,Minneapolis,Minnesota,55412
Illa,Bernholt,ibernholtdk@blogger.com,3 Meadow Vale Crossing,Newark,New Jersey,07188
Frasquito,Paynter,fpaynterdl@digg.com,06 Eliot Junction,Alexandria,Virginia,22313
Jobye,Birdwistle,jbirdwistledm@t.co,6 Buell Circle,Dallas,Texas,75251
Tannie,Crocombe,tcrocombedn@ucoz.com,27 Hallows Road,Corpus Christi,Texas,78405
Roxine,Pagen,rpagendo@discuz.net,6 Northland Street,San Diego,California,92153
Carmita,Grinyakin,cgrinyakindp@craigslist.org,91157 Memorial Trail,Stockton,California,95298
Michelle,Du Plantier,mduplantierdq@techcrunch.com,8501 Golf View Hill,Madison,Wisconsin,53790
Emile,Beaudry,ebeaudrydr@examiner.com,1 Ridgeview Point,Levittown,Pennsylvania,19058
Lyn,Djokic,ldjokicds@slashdot.org,7861 Dapin Street,Waco,Texas,76711
Jade,Bernardo,jbernardodt@alibaba.com,2 Vernon Place,Frankfort,Kentucky,40618
Devonna,Middler,dmiddlerdu@bbc.co.uk,714 Dwight Way,Bellevue,Washington,98008
Silvan,Towlson,stowlsondv@omniture.com,22097 Brentwood Way,Washington,District of Columbia,20337
Farrel,Barz,fbarzdw@indiegogo.com,489 Park Meadow Point,Carlsbad,California,92013
Boycey,Devonish,bdevonishdx@nytimes.com,6846 Arkansas Center,Washington,District of Columbia,20530
Kellyann,Paull,kpaulldy@omniture.com,267 Nevada Way,Helena,Montana,59623
Luciano,Sellars,lsellarsdz@dailymail.co.uk,79 Jenna Street,Anchorage,Alaska,99522
Ive,Brandsen,ibrandsene0@mapquest.com,2 Morningstar Court,Houston,Texas,77255
Rori,Leppo,rleppoe1@jigsy.com,47337 Mitchell Street,Providence,Rhode Island,02905
Olvan,Elliss,oellisse2@slashdot.org,6 Ramsey Hill,Chico,California,95973
Brittany,Martell,bmartelle3@reverbnation.com,57 Fuller Center,Brea,California,92822
Kimberlyn,Rudwell,krudwelle4@slideshare.net,72347 Oxford Pass,Richmond,Virginia,23289
Siusan,Slowcock,sslowcocke5@hubpages.com,660 Lakewood Crossing,Atlanta,Georgia,31132
Kermy,Eslemont,keslemonte6@va.gov,721 Logan Road,Tacoma,Washington,98405
Vinnie,Sweett,vsweette7@slate.com,32 Tennessee Way,Austin,Texas,78732
Sandye,Winstanley,swinstanleye8@booking.com,5576 Manley Point,Minneapolis,Minnesota,55446
Nessy,Leving,nlevinge9@ox.ac.uk,0 Manufacturers Hill,Chicago,Illinois,60604
Thia,Oakeshott,toakeshottea@aboutads.info,272 Oakridge Road,Fort Worth,Texas,76198
Octavia,McNerlin,omcnerlineb@elpais.com,25567 Prairieview Alley,Duluth,Minnesota,55805
Chrissie,Hurne,churneec@google.ru,2 Hoard Crossing,Greensboro,North Carolina,27409
Sophey,Heibl,sheibled@washingtonpost.com,84 Killdeer Terrace,Los Angeles,California,90101
Brianna,Allwood,ballwoodee@cbsnews.com,4662 Everett Court,Iowa City,Iowa,52245
Rinaldo,Lovett,rlovettef@google.cn,25 Tennyson Avenue,Tucson,Arizona,85737
Merrilee,Thiolier,mthioliereg@deliciousdays.com,54 Lukken Alley,Atlanta,Georgia,31132
Nolly,Lattka,nlattkaeh@gravatar.com,36531 Scott Way,Portland,Oregon,97206
Maddie,Heatlie,mheatlieei@globo.com,72 Sherman Circle,Saginaw,Michigan,48609
Wilbert,Gurnay,wgurnayej@csmonitor.com,398 Lunder Hill,Oklahoma City,Oklahoma,73152
Tobin,Scholling,tschollingek@arizona.edu,6 Mallory Court,Kansas City,Missouri,64101
Guilbert,Ricciardi,gricciardiel@blogger.com,20021 Farwell Center,Jamaica,New York,11499
Brnaba,Driffe,bdriffeem@globo.com,49 Old Shore Street,Syracuse,New York,13210
Yovonnda,Castiglione,ycastiglioneen@techcrunch.com,42001 Shoshone Pass,Columbia,South Carolina,29208
Brand,Van Baaren,bvanbaareneo@squarespace.com,251 Atwood Trail,Peoria,Illinois,61614
Karin,Butterfint,kbutterfintep@pagesperso-orange.fr,58 Larry Park,Missoula,Montana,59806
Melina,Allam,mallameq@goo.ne.jp,584 Portage Drive,San Diego,California,92110
Pebrook,Franses,pfranseser@so-net.ne.jp,0 Blue Bill Park Crossing,Syracuse,New York,13217
Kellsie,Upsale,kupsalees@wired.com,8 Quincy Alley,Louisville,Kentucky,40220
Estele,Le Guin,eleguinet@biblegateway.com,5 Park Meadow Drive,Plano,Texas,75074
Thebault,Cato,tcatoeu@gov.uk,626 Harper Point,Phoenix,Arizona,85025
Geoffrey,Crust,gcrustev@baidu.com,5 Pankratz Court,Santa Ana,California,92725
Ursulina,Douche,udoucheew@nydailynews.com,9249 Bay Junction,Tucson,Arizona,85737
Henry,Fierman,hfiermanex@mashable.com,45 Spaight Point,Bronx,New York,10469
Althea,O'Brien,aobrieney@mozilla.com,0 Vera Park,Kalamazoo,Michigan,49006
Georgi,Sherrington,gsherringtonez@ihg.com,256 Manufacturers Court,Sioux Falls,South Dakota,57198
Patton,Andryushchenko,pandryushchenkof0@purevolume.com,69228 Havey Point,Tacoma,Washington,98424
Dexter,Di Meo,ddimeof1@businesswire.com,216 Alpine Avenue,San Bernardino,California,92424
Fulton,Ruane,fruanef2@japanpost.jp,9 Dennis Place,Milwaukee,Wisconsin,53205
Avictor,Lartice,alarticef3@washingtonpost.com,3 Bobwhite Crossing,Washington,District of Columbia,20226
Dexter,Dybald,ddybaldf4@nydailynews.com,645 Dixon Parkway,Topeka,Kansas,66699
Yorker,Kerrigan,ykerriganf5@google.es,82 Mayfield Street,El Paso,Texas,88553
Mathian,De Filippi,mdefilippif6@nbcnews.com,426 Service Hill,Orlando,Florida,32835
Rollo,Larmett,rlarmettf7@opensource.org,4 Lindbergh Drive,Kissimmee,Florida,34745
Minnie,Reame,mreamef8@discovery.com,224 Garrison Way,New York City,New York,10155
Derrek,Waison,dwaisonf9@comsenz.com,25 Moland Circle,Montgomery,Alabama,36134
Chickie,Premble,cpremblefa@amazon.com,7419 West Court,Columbus,Ohio,43220
Collete,Marklew,cmarklewfb@liveinternet.ru,257 Arrowood Point,Tulsa,Oklahoma,74141
Dorri,Boycott,dboycottfc@google.pl,8 Holmberg Trail,Springfield,Massachusetts,01105
Odelinda,Attoe,oattoefd@t.co,9 Roxbury Drive,Shreveport,Louisiana,71137
Nadean,Baelde,nbaeldefe@over-blog.com,53 Park Meadow Court,Cincinnati,Ohio,45271
Andre,Dupree,adupreeff@free.fr,70 Meadow Valley Way,Panama City,Florida,32412
Alyson,Trotman,atrotmanfg@forbes.com,9448 Bowman Way,Miami,Florida,33153
Bryon,Tarrant,btarrantfh@sakura.ne.jp,8 Michigan Drive,North Las Vegas,Nevada,89087
Tove,Connealy,tconnealyfi@shareasale.com,66371 Pennsylvania Plaza,Minneapolis,Minnesota,55448
Arabela,McGeachie,amcgeachiefj@loc.gov,477 Nova Crossing,Boston,Massachusetts,02163
Alain,Lowles,alowlesfk@topsy.com,390 Larry Parkway,Fort Lauderdale,Florida,33345
Percy,Terbeck,pterbeckfl@cdbaby.com,3 Hallows Circle,Greensboro,North Carolina,27404
Jaquenetta,Tuffield,jtuffieldfm@nyu.edu,8 Linden Court,San Jose,California,95194
Teddy,Shelf,tshelffn@toplist.cz,08212 Kensington Park,Los Angeles,California,90071
Olimpia,Dunning,odunningfo@slashdot.org,9639 Golf View Crossing,Alexandria,Virginia,22309
Sephira,Breslau,sbreslaufp@moonfruit.com,34345 Westend Street,Houston,Texas,77260
Jamill,Skoggins,jskogginsfq@myspace.com,59 Spaight Pass,Anaheim,California,92805
Roselia,Kohnert,rkohnertfr@bizjournals.com,2 Prairieview Trail,Tampa,Florida,33605
Kevina,Chedgey,kchedgeyfs@soundcloud.com,7625 Moland Trail,Murfreesboro,Tennessee,37131
Giffer,Alldritt,galldrittft@sun.com,22 Dorton Alley,Brockton,Massachusetts,02405
Martino,Posse,mpossefu@lulu.com,623 Forest Court,Omaha,Nebraska,68197
Leanor,Damato,ldamatofv@cbc.ca,69145 Tomscot Court,Memphis,Tennessee,38197
Pincus,Jeffers,pjeffersfw@cmu.edu,0 Veith Road,Norman,Oklahoma,73071
Nora,Birtwisle,nbirtwislefx@imgur.com,26112 Lunder Court,Boston,Massachusetts,02203
Vinny,Trinder,vtrinderfy@admin.ch,39270 Golf View Place,Worcester,Massachusetts,01610
Cecilia,Pirdue,cpirduefz@163.com,6 Bunting Junction,San Antonio,Texas,78260
Robinetta,Matyatin,rmatyating0@goo.ne.jp,8 Caliangt Circle,Phoenix,Arizona,85020
Immanuel,Cockayne,icockayneg1@deliciousdays.com,2265 Lighthouse Bay Way,Newark,New Jersey,07188
George,Loache,gloacheg2@barnesandnoble.com,2 Menomonie Trail,Washington,District of Columbia,20260
Bella,D'Souza,bdsouzag3@ovh.net,0174 Esker Drive,Simi Valley,California,93094
Joby,Ramsey,jramseyg4@abc.net.au,1829 Transport Avenue,Bethesda,Maryland,20816
Orsola,Allitt,oallittg5@jimdo.com,44 Morningstar Plaza,Silver Spring,Maryland,20910
Gibb,Faltskog,gfaltskogg6@unicef.org,154 Grim Court,Nashville,Tennessee,37235
Sasha,Doyle,sdoyleg7@phpbb.com,58205 Havey Alley,Iowa City,Iowa,52245
Myranda,Kemmer,mkemmerg8@biblegateway.com,12901 Dovetail Point,Washington,District of Columbia,20016
Mariquilla,Doerren,mdoerreng9@msn.com,83 School Center,Akron,Ohio,44315
Minni,Beldan,mbeldanga@baidu.com,77104 Thierer Drive,Midland,Texas,79710
Arluene,Syddon,asyddongb@redcross.org,72274 Hagan Drive,Inglewood,California,90310
Courtnay,Scoggins,cscogginsgc@odnoklassniki.ru,8906 Fulton Lane,El Paso,Texas,79916
Randene,Hryniewicki,rhryniewickigd@twitter.com,80927 Golf View Court,Cape Coral,Florida,33915
Nicholas,Chillingworth,nchillingworthge@cpanel.net,0 Doe Crossing Plaza,Sacramento,California,94291
Collette,Seefus,cseefusgf@shinystat.com,707 Hanson Center,Jersey City,New Jersey,07305
Van,Matej,vmatejgg@fda.gov,0950 Fordem Avenue,Alexandria,Virginia,22313
Hogan,Dilliston,hdillistongh@sphinn.com,031 Myrtle Point,Denver,Colorado,80241
Frederica,Scholfield,fscholfieldgi@timesonline.co.uk,0 Lotheville Street,Newton,Massachusetts,02162
Philip,Golden of Ireland,pgoldenofirelandgj@is.gd,88 Carey Junction,Columbus,Ohio,43210
Michal,Gelling,mgellinggk@europa.eu,56 Kennedy Way,Washington,District of Columbia,20456
Mattheus,Gleave,mgleavegl@odnoklassniki.ru,701 Anhalt Avenue,Cheyenne,Wyoming,82007
Grazia,Bamfield,gbamfieldgm@fotki.com,19 Carioca Trail,Gaithersburg,Maryland,20883
Jerrilyn,Bison,jbisongn@shutterfly.com,5 Parkside Park,Wichita,Kansas,67215
Hilde,Jendricke,hjendrickego@squarespace.com,36 Gina Crossing,Nashville,Tennessee,37220
Hilarius,Faulkner,hfaulknergp@t.co,15284 Artisan Way,Albany,New York,12210
Carole,Legrice,clegricegq@usnews.com,89852 Johnson Place,New York City,New York,10203
Lenee,Beales,lbealesgr@sitemeter.com,292 Everett Circle,New Haven,Connecticut,06533
Skipp,Takis,stakisgs@webnode.com,39304 Golf Crossing,Atlanta,Georgia,30351
Gayle,Redgewell,gredgewellgt@redcross.org,8073 Delladonna Court,Chicago,Illinois,60669
Randene,Scragg,rscragggu@uiuc.edu,00981 Monterey Place,Phoenix,Arizona,85010
Early,Sawell,esawellgv@feedburner.com,7 Dovetail Junction,Fayetteville,North Carolina,28305
Michaelina,Klambt,mklambtgw@dedecms.com,0867 Parkside Lane,Los Angeles,California,90071
Anett,Devon,adevongx@accuweather.com,0 Ramsey Lane,Decatur,Illinois,62525
Amata,Wardhaugh,awardhaughgy@angelfire.com,6658 Main Crossing,Akron,Ohio,44329
Grace,Klausen,gklausengz@nhs.uk,2991 Coolidge Alley,El Paso,Texas,88579
Erika,Gray,egrayh0@gravatar.com,3 Prentice Plaza,Oklahoma City,Oklahoma,73124
Valry,Pettus,vpettush1@sfgate.com,273 Garrison Plaza,San Diego,California,92137
Langston,Comberbeach,lcomberbeachh2@sun.com,799 Huxley Trail,Madison,Wisconsin,53716
Angelo,Linkie,alinkieh3@china.com.cn,2 Carpenter Trail,Las Vegas,Nevada,89140
Genevieve,Hardage,ghardageh4@addthis.com,67630 Hallows Point,Columbus,Georgia,31904
Rana,Pero,rperoh5@wsj.com,0 Mifflin Center,Macon,Georgia,31210
Arline,Ilem,ailemh6@uiuc.edu,8 Helena Road,Suffolk,Virginia,23436
Pacorro,Gedling,pgedlingh7@ustream.tv,105 Russell Street,Salt Lake City,Utah,84110
Templeton,Metterick,tmetterickh8@eventbrite.com,365 Redwing Lane,Phoenix,Arizona,85072
Antoinette,Storah,astorahh9@google.co.uk,70 Brickson Park Place,San Antonio,Texas,78240
Melantha,Berka,mberkaha@shinystat.com,45822 Comanche Avenue,Atlanta,Georgia,30358
Michel,Node,mnodehb@microsoft.com,257 Mendota Crossing,North Port,Florida,34290
Chaddy,Benley,cbenleyhc@jugem.jp,96769 Luster Street,Saint Louis,Missouri,63143
Gaspar,Whimp,gwhimphd@mlb.com,95894 Homewood Junction,Charlotte,North Carolina,28225
Nike,Yurevich,nyurevichhe@wufoo.com,6182 Summer Ridge Center,Washington,District of Columbia,20508
Killie,Talboy,ktalboyhf@google.ca,780 Lunder Lane,Kansas City,Missouri,64160
Seamus,Gosforth,sgosforthhg@discuz.net,80619 Mallard Point,Philadelphia,Pennsylvania,19104
Faina,Valero,fvalerohh@adobe.com,1010 Mockingbird Alley,Oceanside,California,92056
Hube,Jullian,hjullianhi@cyberchimps.com,8 Memorial Lane,Boca Raton,Florida,33487
Gardy,Smitherham,gsmitherhamhj@google.com.hk,055 Rieder Place,Washington,District of Columbia,20057
Wendell,Brinkman,wbrinkmanhk@addtoany.com,4585 Buhler Place,Roanoke,Virginia,24048
Enid,Saintsbury,esaintsburyhl@examiner.com,92892 Oneill Way,Tulsa,Oklahoma,74184
Olenka,Rathbone,orathbonehm@usgs.gov,78 Old Gate Plaza,Amarillo,Texas,79165
Vance,Manilow,vmanilowhn@canalblog.com,8 Merchant Circle,Littleton,Colorado,80161
Marlo,MacLeese,mmacleeseho@goodreads.com,747 Sachs Way,Lawrenceville,Georgia,30245
Davis,Shurey,dshureyhp@mashable.com,91584 Eagan Court,Birmingham,Alabama,35244
Lisabeth,Patise,lpatisehq@usa.gov,2 Havey Alley,Oakland,California,94616
Blair,Linden,blindenhr@cornell.edu,2755 Sage Street,Sacramento,California,95833
Pammi,Cure,pcurehs@mlb.com,7322 Waubesa Parkway,Fort Worth,Texas,76115
Ingunna,Selwyne,iselwyneht@alibaba.com,29 Garrison Street,Largo,Florida,34643
Lurette,Koschke,lkoschkehu@illinois.edu,3033 4th Point,Chicago,Illinois,60669
Corny,Speck,cspeckhv@indiatimes.com,18952 Shelley Court,New York City,New York,10150
Chucho,Le Ball,cleballhw@tamu.edu,35755 Myrtle Way,New York City,New York,10110
Vale,Thireau,vthireauhx@fotki.com,0 Kropf Road,Pittsburgh,Pennsylvania,15274
Corabelle,Grist,cgristhy@sun.com,4 Northwestern Trail,Fresno,California,93778
Dalston,Blessed,dblessedhz@addthis.com,7 Badeau Alley,Dayton,Ohio,45470
Nahum,Trail,ntraili0@usgs.gov,0 Mccormick Point,Lafayette,Indiana,47905
Dix,Katt,dkatti1@goodreads.com,95807 Pierstorff Point,El Paso,Texas,79950
Tremain,Ruusa,truusai2@ebay.com,9713 Roxbury Park,Miami,Florida,33164
Bert,Cordingley,bcordingleyi3@discuz.net,2 Mifflin Lane,Little Rock,Arkansas,72204
Shurlock,Coniam,sconiami4@vk.com,4742 Almo Circle,Crawfordsville,Indiana,47937
Jone,Lambole,jlambolei5@businesswire.com,642 Harbort Street,Orange,California,92867
Dermot,Brunicke,dbrunickei6@g.co,3 Hallows Drive,Las Vegas,Nevada,89140
Arlie,Forman,aformani7@youku.com,59566 Ruskin Circle,Baltimore,Maryland,21282
Casper,Benoey,cbenoeyi8@yale.edu,406 Northland Crossing,Denver,Colorado,80217
Sib,Le Barre,slebarrei9@go.com,1949 High Crossing Lane,Jacksonville,Florida,32225
Ban,Dankov,bdankovia@scientificamerican.com,94 Red Cloud Road,San Luis Obispo,California,93407
Katherina,Rafferty,kraffertyib@marketwatch.com,18 Burning Wood Terrace,Raleigh,North Carolina,27615
Molly,Scholcroft,mscholcroftic@paypal.com,75 Elka Circle,Little Rock,Arkansas,72209
Kendell,Studdard,kstuddardid@feedburner.com,22102 Jenifer Point,Saint Louis,Missouri,63167
Shayna,Meriet,smerietie@nationalgeographic.com,8219 Vahlen Plaza,Schenectady,New York,12325
Rickie,Fullick,rfullickif@upenn.edu,7757 Huxley Alley,Seminole,Florida,34642
Gerrie,Vasilyev,gvasilyevig@flickr.com,05613 Eastlawn Place,Columbus,Ohio,43204
Gwen,Barge,gbargeih@usgs.gov,24187 Barnett Parkway,Anaheim,California,92825
Yvon,Evesque,yevesqueii@vk.com,67 Farmco Point,Winter Haven,Florida,33884
Marin,Ruckert,mruckertij@hhs.gov,0091 Roth Circle,Worcester,Massachusetts,01610
Elmira,Cowdrey,ecowdreyik@livejournal.com,642 Shoshone Court,Everett,Washington,98206
Bartie,Winspare,bwinspareil@ucoz.ru,3 Dakota Circle,Gainesville,Florida,32610
Mechelle,Castiglione,mcastiglioneim@google.co.jp,94155 Parkside Avenue,Washington,District of Columbia,20205
Valry,Gilhouley,vgilhouleyin@forbes.com,20 Lakewood Circle,Fresno,California,93762
Oberon,Umney,oumneyio@cargocollective.com,46 Comanche Lane,Sacramento,California,95865
Rice,Coveny,rcovenyip@storify.com,3183 Bay Avenue,Sacramento,California,94273
Ranee,Cherryman,rcherrymaniq@businessweek.com,92 Walton Park,North Hollywood,California,91606
Rollins,Skeemor,rskeemorir@merriam-webster.com,5775 Service Road,New York City,New York,10019
Ileana,Lacknor,ilacknoris@1und1.de,568 Daystar Road,Springfield,Illinois,62776
Avril,Hill,ahillit@narod.ru,677 Hauk Drive,Providence,Rhode Island,02905
Pierrette,De Bruijne,pdebruijneiu@reddit.com,41937 Cardinal Road,Winston Salem,North Carolina,27105
Midge,Moral,mmoraliv@ed.gov,933 Dennis Street,Kansas City,Missouri,64114
Zabrina,Ragbourne,zragbourneiw@eventbrite.com,2839 Florence Plaza,Spokane,Washington,99215
Ettore,Stickells,estickellsix@answers.com,434 Weeping Birch Hill,San Diego,California,92196
Gabrila,Dibden,gdibdeniy@yahoo.co.jp,594 Carey Parkway,Omaha,Nebraska,68134
Melanie,Constance,mconstanceiz@blogtalkradio.com,172 Carpenter Alley,Los Angeles,California,90189
Robbyn,Rapelli,rrapellij0@wikimedia.org,81562 Mosinee Circle,Kansas City,Missouri,64199
Yvon,Heeps,yheepsj1@yellowbook.com,4 Southridge Street,Olympia,Washington,98506
Lilith,Deaton,ldeatonj2@tuttocitta.it,25 Summit Lane,Miami,Florida,33180
Em,Mayou,emayouj3@amazon.co.jp,545 Onsgard Terrace,Houston,Texas,77010
Jakie,Rainbow,jrainbowj4@chicagotribune.com,23 Stang Park,Murfreesboro,Tennessee,37131
Sampson,Lillicrop,slillicropj5@aol.com,8092 Novick Pass,Pasadena,California,91199
Hayward,Dickings,hdickingsj6@huffingtonpost.com,39 Sheridan Pass,Sioux Falls,South Dakota,57193
Lissy,Corkan,lcorkanj7@mozilla.com,2 Rutledge Place,Kansas City,Missouri,64193
Rafaelia,Heathfield,rheathfieldj8@admin.ch,91336 Bay Avenue,Seminole,Florida,34642
Nance,Von Welden,nvonweldenj9@loc.gov,74 Summer Ridge Terrace,Milwaukee,Wisconsin,53220
Wilbur,Webling,wweblingja@etsy.com,804 Morrow Lane,Lafayette,Louisiana,70593
Evy,Lodo,elodojb@about.com,69185 Loftsgordon Trail,Tampa,Florida,33686
Teressa,Covelle,tcovellejc@constantcontact.com,255 Sunfield Hill,Birmingham,Alabama,35210
Zackariah,Noad,znoadjd@alibaba.com,9415 Sullivan Terrace,Seattle,Washington,98195
Philippine,Conrart,pconrartje@4shared.com,75 Linden Court,Springfield,Illinois,62776
Pen,Beckey,pbeckeyjf@nydailynews.com,449 Birchwood Avenue,Fresno,California,93778
Viviana,Maypes,vmaypesjg@ycombinator.com,0147 Lotheville Avenue,Trenton,New Jersey,08608
Angelica,Armatage,aarmatagejh@ca.gov,87042 Schurz Circle,Dayton,Ohio,45470
Clayborne,McCoid,cmccoidji@vistaprint.com,0590 Hermina Avenue,Pittsburgh,Pennsylvania,15210
Ximenes,Brogini,xbroginijj@npr.org,22 Knutson Court,Fort Worth,Texas,76129
Ernaline,Mitchinson,emitchinsonjk@state.gov,06 Mcbride Junction,Kansas City,Kansas,66105
Krisha,Guerro,kguerrojl@networkadvertising.org,0337 Debs Parkway,Durham,North Carolina,27717
Veriee,Mazey,vmazeyjm@loc.gov,967 Mccormick Junction,Beaumont,Texas,77705
Damita,Vibert,dvibertjn@bing.com,04 Spaight Way,Memphis,Tennessee,38181
Seline,Bussy,sbussyjo@omniture.com,080 Eliot Pass,Portland,Oregon,97286
Harley,Koche,hkochejp@marriott.com,19692 Lawn Place,Shawnee Mission,Kansas,66276
Ashien,Ternouth,aternouthjq@jugem.jp,10881 Pine View Parkway,Washington,District of Columbia,20591
Tim,Hutchin,thutchinjr@tinyurl.com,3 Buhler Place,Cleveland,Ohio,44197
Pammy,Hadigate,phadigatejs@bing.com,227 Kingsford Park,Huntington,West Virginia,25705
Lilllie,Escreet,lescreetjt@apple.com,3882 Mallory Court,San Francisco,California,94132
Francklyn,Hissie,fhissieju@purevolume.com,9466 Maple Lane,Irvine,California,92717
Larissa,Cubbino,lcubbinojv@telegraph.co.uk,08 Amoth Road,Jamaica,New York,11480
Ryann,Guppie,rguppiejw@spiegel.de,28 Randy Road,Schaumburg,Illinois,60193
Cristie,Ikringill,cikringilljx@mediafire.com,8 Holmberg Crossing,Toledo,Ohio,43666
Monro,Szymonowicz,mszymonowiczjy@weibo.com,98409 Anzinger Plaza,Fort Lauderdale,Florida,33336
Norris,Erington,neringtonjz@pcworld.com,2 Hooker Street,Orlando,Florida,32854
Cecil,Monteaux,cmonteauxk0@chicagotribune.com,0 Arkansas Hill,Jacksonville,Florida,32255
Berry,Brodbin,bbrodbink1@people.com.cn,74 Sherman Hill,Newark,Delaware,19725
Timofei,Grogor,tgrogork2@umich.edu,849 Waywood Point,Baltimore,Maryland,21275
Dexter,Ludwikiewicz,dludwikiewiczk3@vinaora.com,58 Oakridge Park,Charleston,West Virginia,25313
Adah,Egel,aegelk4@vimeo.com,17 Waywood Avenue,Des Moines,Iowa,50315
Cammie,Purches,cpurchesk5@last.fm,29 Trailsway Circle,Buffalo,New York,14205
Maureene,Scimone,mscimonek6@cargocollective.com,467 Jenna Alley,Washington,District of Columbia,20430
Charmine,Bullough,cbulloughk7@nsw.gov.au,72 Mccormick Place,Louisville,Kentucky,40215
Gun,Rotchell,grotchellk8@noaa.gov,51451 Weeping Birch Plaza,Long Beach,California,90831
Cate,Drabble,cdrabblek9@mapy.cz,84 Fisk Alley,Reston,Virginia,22096
Bidget,Franses,bfranseska@ycombinator.com,21612 Summerview Way,Wilkes Barre,Pennsylvania,18768
Fransisco,Corgenvin,fcorgenvinkb@de.vu,637 Maple Place,Los Angeles,California,90045
Aime,Viant,aviantkc@typepad.com,2902 Sauthoff Pass,Fresno,California,93715
Sarita,Kramer,skramerkd@blogs.com,85 Summer Ridge Alley,El Paso,Texas,88558
Millard,Stuttman,mstuttmanke@biglobe.ne.jp,43 Forest Run Street,Homestead,Florida,33034
Juditha,Siggers,jsiggerskf@cloudflare.com,5 Loeprich Road,Jacksonville,Florida,32259
Janeva,Northedge,jnorthedgekg@nationalgeographic.com,313 Hallows Avenue,Saint Petersburg,Florida,33705
Renell,Ourtic,rourtickh@ehow.com,6806 Hayes Alley,Seattle,Washington,98121
Barbey,Swanton,bswantonki@pbs.org,096 Esch Place,Saint Louis,Missouri,63136
Jami,Cridlin,jcridlinkj@wired.com,02704 Ridge Oak Trail,Des Moines,Iowa,50936
Karlie,Brisse,kbrissekk@timesonline.co.uk,86 Rutledge Terrace,Henderson,Nevada,89012
Ursala,Charley,ucharleykl@flavors.me,23014 Helena Lane,Minneapolis,Minnesota,55417
Esteban,Conrart,econrartkm@drupal.org,2839 Farwell Pass,Toledo,Ohio,43656
Vale,Graalman,vgraalmankn@who.int,0 Corben Hill,Salt Lake City,Utah,84140
Montague,Alcoran,malcoranko@blogger.com,506 La Follette Road,Los Angeles,California,90010
Elia,Finley,efinleykp@disqus.com,3084 Michigan Center,New York City,New York,10280
Carmelina,Ellam,cellamkq@eventbrite.com,3727 Artisan Center,Akron,Ohio,44305
Libbey,Roads,lroadskr@dagondesign.com,47465 Valley Edge Avenue,Bakersfield,California,93386
Caroline,Grane,cgraneks@elpais.com,48 South Alley,Norfolk,Virginia,23514
Sherye,Riccardi,sriccardikt@angelfire.com,69383 Truax Court,Chicago,Illinois,60686
Silvano,Murricanes,smurricanesku@google.pl,66 Prairie Rose Lane,Grand Rapids,Michigan,49518
Orson,Kobieriecki,okobierieckikv@ow.ly,9 Heath Way,Indianapolis,Indiana,46278
Katerina,Nutkins,knutkinskw@psu.edu,24 Delaware Park,Macon,Georgia,31296
Zebedee,Scutchin,zscutchinkx@europa.eu,9 Delaware Avenue,Tampa,Florida,33615
Ddene,Jacquot,djacquotky@about.com,5 Bluestem Crossing,Topeka,Kansas,66617
Nerissa,Coolbear,ncoolbearkz@mapquest.com,035 Darwin Pass,San Diego,California,92132
Tallia,Rotte,trottel0@about.com,417 Sunfield Parkway,Tyler,Texas,75710
Rica,Trevna,rtrevnal1@amazonaws.com,729 Northland Park,Lexington,Kentucky,40505
Chip,Duigenan,cduigenanl2@theguardian.com,5 Schmedeman Hill,Norfolk,Virginia,23504
Odo,Spleving,osplevingl3@oakley.com,660 Ronald Regan Trail,Lexington,Kentucky,40586
Tiphany,Lezemere,tlezemerel4@naver.com,1 Warrior Point,El Paso,Texas,88541
Genna,Arnason,garnasonl5@craigslist.org,512 Northwestern Circle,Memphis,Tennessee,38126
Brett,MacCostye,bmaccostyel6@friendfeed.com,2690 Kinsman Parkway,Baltimore,Maryland,21282
Odell,Mowling,omowlingl7@drupal.org,2943 Hazelcrest Hill,Saint Louis,Missouri,63167
Ronica,Skelhorn,rskelhornl8@techcrunch.com,01621 Anthes Junction,Staten Island,New York,10305
Pansie,Cutriss,pcutrissl9@tamu.edu,0 Rieder Alley,Lincoln,Nebraska,68524
Fancy,Heineking,fheinekingla@cpanel.net,05103 Cody Point,Sacramento,California,95823
Brittne,Imison,bimisonlb@bing.com,7199 Golf Course Junction,Newport Beach,California,92662
Tomaso,Braunter,tbraunterlc@digg.com,693 Calypso Place,Peoria,Illinois,61635
Alecia,Fripps,afrippsld@kickstarter.com,0 Lukken Junction,Cleveland,Ohio,44105
Ase,Dollin,adollinle@delicious.com,110 Onsgard Plaza,Albany,New York,12255
Ive,Coote,icootelf@vkontakte.ru,549 Macpherson Terrace,Lansing,Michigan,48919
Todd,Petzolt,tpetzoltlg@over-blog.com,77196 Acker Alley,Portland,Oregon,97201
Torie,Wadworth,twadworthlh@walmart.com,8 1st Pass,Atlanta,Georgia,30340
Kinna,Duff,kduffli@cpanel.net,2 Dakota Avenue,Houston,Texas,77055
Kylie,Ablitt,kablittlj@salon.com,2535 South Court,Richmond,Virginia,23213
Mason,Venney,mvenneylk@ifeng.com,1 Oak Valley Circle,Washington,District of Columbia,20046
Juline,Barfoot,jbarfootll@goodreads.com,41778 Badeau Lane,Galveston,Texas,77554
Rusty,Wagen,rwagenlm@shop-pro.jp,3 Raven Point,Palo Alto,California,94302
Mord,Szymonwicz,mszymonwiczln@vk.com,55 Caliangt Place,Portland,Oregon,97232
Lissy,Lavington,llavingtonlo@stanford.edu,159 Annamark Place,Oklahoma City,Oklahoma,73190
Constance,Hupka,chupkalp@list-manage.com,93 Grasskamp Junction,Dallas,Texas,75226
Van,Lowin,vlowinlq@exblog.jp,7839 Westridge Plaza,Little Rock,Arkansas,72215
Fields,Finlay,ffinlaylr@deviantart.com,4836 Luster Terrace,New York City,New York,10004
Gregory,Bearfoot,gbearfootls@theglobeandmail.com,519 Schiller Drive,Macon,Georgia,31296
Emmy,Orro,eorrolt@wikimedia.org,73043 Anzinger Circle,Anniston,Alabama,36205
De,Kingsley,dkingsleylu@virginia.edu,941 Lawn Park,Bronx,New York,10464
Worden,McGucken,wmcguckenlv@youtube.com,65417 Vermont Way,West Palm Beach,Florida,33416
Salomo,Sommerled,ssommerledlw@spotify.com,970 Sunfield Point,El Paso,Texas,88584
Jasun,Rate,jratelx@businesswire.com,4571 Darwin Plaza,Alexandria,Virginia,22313
Happy,Yosevitz,hyosevitzly@google.es,1 Fieldstone Drive,Sioux Falls,South Dakota,57193
Sherlock,Crysell,scryselllz@usnews.com,0850 Ruskin Alley,Washington,District of Columbia,20508
Raddie,Fleckness,rflecknessm0@gnu.org,75118 Debs Plaza,Washington,District of Columbia,20599
Aryn,Wilkie,awilkiem1@amazon.de,1429 Sage Park,Mobile,Alabama,36610
Vincenz,Haugh,vhaughm2@cyberchimps.com,2386 Utah Circle,Garland,Texas,75049
Huntlee,Pugh,hpughm3@nps.gov,0780 Sheridan Junction,New York City,New York,10249
Dulce,Pratty,dprattym4@rediff.com,44 Aberg Point,Tuscaloosa,Alabama,35487
Leisha,Setterfield,lsetterfieldm5@bing.com,13 Lakewood Point,Orlando,Florida,32868
Stearn,O'Reagan,soreaganm6@reference.com,3698 Delaware Junction,Washington,District of Columbia,20268
Filbert,Urvoy,furvoym7@yahoo.co.jp,36 Grover Parkway,Salt Lake City,Utah,84189
Hollyanne,Sowood,hsowoodm8@examiner.com,004 Transport Junction,Minneapolis,Minnesota,55458
Bert,Barson,bbarsonm9@ehow.com,71 Buhler Lane,Atlanta,Georgia,30356
Ingaberg,Lingley,ilingleyma@apple.com,582 Stang Avenue,Baltimore,Maryland,21265
Zenia,Whittam,zwhittammb@cyberchimps.com,08 Jenna Alley,Youngstown,Ohio,44555
Gwenny,Westlake,gwestlakemc@salon.com,08 Fulton Court,Bowie,Maryland,20719
Phelia,Chasmer,pchasmermd@epa.gov,25 Swallow Pass,Lincoln,Nebraska,68510
Ingar,Twentyman,itwentymanme@mediafire.com,35 Grasskamp Road,Albany,New York,12247
Moritz,Mackro,mmackromf@springer.com,71 Mcbride Alley,Boise,Idaho,83716
Sarge,Guarnier,sguarniermg@businessweek.com,03 Basil Terrace,Washington,District of Columbia,56944
Conny,Chislett,cchislettmh@usgs.gov,4826 Rockefeller Plaza,Washington,District of Columbia,20575
Claudine,Kamenar,ckamenarmi@dailymail.co.uk,94487 Di Loreto Alley,Saint Petersburg,Florida,33715
Conny,Durnin,cdurninmj@dailymotion.com,3292 Utah Parkway,Yakima,Washington,98907
Manda,Jobey,mjobeymk@mlb.com,63 Meadow Valley Court,Oklahoma City,Oklahoma,73179
Milka,Probbin,mprobbinml@apache.org,70 Cottonwood Hill,Pittsburgh,Pennsylvania,15220
Elliott,Arnau,earnaumm@sciencedaily.com,824 Norway Maple Crossing,Tucson,Arizona,85732
Burke,De Winton,bdewintonmn@posterous.com,0653 Portage Trail,Topeka,Kansas,66699
Aviva,Agostini,aagostinimo@thetimes.co.uk,270 Vernon Junction,Waterloo,Iowa,50706
Lyndel,Dri,ldrimp@biblegateway.com,78989 Hovde Court,San Diego,California,92115
Yancy,Adlam,yadlammq@time.com,590 Derek Road,Las Vegas,Nevada,89150
Gladys,Conibeer,gconibeermr@cdc.gov,1578 Hintze Avenue,Tucson,Arizona,85732
Derk,Paish,dpaishms@tiny.cc,8 Park Meadow Way,Houston,Texas,77025
Goddard,Missington,gmissingtonmt@ucoz.com,7181 Judy Pass,Jacksonville,Florida,32230
Gery,Dixson,gdixsonmu@freewebs.com,5472 Milwaukee Crossing,Washington,District of Columbia,20299
Gregor,Kerfut,gkerfutmv@redcross.org,41771 Dottie Circle,Amarillo,Texas,79176
Cthrine,Loughlan,cloughlanmw@ameblo.jp,56302 Del Mar Circle,New Orleans,Louisiana,70154
Terrie,Borg-Bartolo,tborgbartolomx@phoca.cz,12564 Northland Street,Minneapolis,Minnesota,55436
Bruis,Banisch,bbanischmy@unblog.fr,75170 Center Junction,Las Vegas,Nevada,89105
Cass,Cail,ccailmz@hud.gov,084 Tennyson Park,El Paso,Texas,88563
Talyah,Deviney,tdevineyn0@buzzfeed.com,83504 Sachs Park,Cleveland,Ohio,44197
Arlen,Thurby,athurbyn1@cpanel.net,4401 Shopko Drive,Indianapolis,Indiana,46239
Edwina,Francesconi,efrancesconin2@tripadvisor.com,12423 Commercial Lane,Tuscaloosa,Alabama,35487
Hastie,Spancock,hspancockn3@paypal.com,47793 Nancy Plaza,Huntington,West Virginia,25770
Rosalyn,Booth,rboothn4@cdc.gov,97 Maryland Park,Albany,New York,12222
Bridget,Crowe,bcrowen5@technorati.com,80 Loftsgordon Center,New York City,New York,10125
Darb,Oslar,doslarn6@umich.edu,4 Shoshone Avenue,Lafayette,Louisiana,70593
Graehme,Lack,glackn7@techcrunch.com,38738 Goodland Road,Fresno,California,93786
Johna,Mostin,jmostinn8@ucoz.ru,89688 Vermont Point,Orlando,Florida,32825
Sheree,Clayden,sclaydenn9@w3.org,728 Green Ridge Circle,Henderson,Nevada,89074
Huntley,Martellini,hmartellinina@state.gov,4 Sheridan Parkway,Washington,District of Columbia,20088
Garv,Agiolfinger,gagiolfingernb@blogspot.com,613 Fremont Park,Brooklyn,New York,11220
Ronalda,Schott,rschottnc@newyorker.com,2 Farragut Point,Wichita,Kansas,67220
Shurwood,Kubin,skubinnd@digg.com,318 Hagan Hill,Salt Lake City,Utah,84170
Odey,Demann,odemannne@bravesites.com,8 La Follette Circle,Saint Paul,Minnesota,55188
Ulises,Lytton,ulyttonnf@yandex.ru,83467 Hollow Ridge Hill,Shreveport,Louisiana,71115
Abigail,Galpen,agalpenng@fotki.com,052 Basil Avenue,Louisville,Kentucky,40287
Garrot,Walklate,gwalklatenh@answers.com,9058 Gulseth Trail,Gilbert,Arizona,85297
Garik,Crutcher,gcrutcherni@umn.edu,74 Badeau Trail,Jackson,Mississippi,39282
Freddie,O'Brollachain,fobrollachainnj@omniture.com,309 Havey Avenue,Sacramento,California,94273
Christopher,Jarrell,cjarrellnk@baidu.com,2363 Corben Junction,Washington,District of Columbia,20508
Broderic,Spraggs,bspraggsnl@skype.com,1389 Oriole Way,Jacksonville,Florida,32236
Myrilla,Jaycock,mjaycocknm@senate.gov,69739 Briar Crest Junction,Naples,Florida,33963
Normie,Rosenshine,nrosenshinenn@histats.com,88468 Morningstar Court,Montgomery,Alabama,36125
Helli,Lashmore,hlashmoreno@wikipedia.org,772 Melvin Trail,Cincinnati,Ohio,45296
Hesther,Shellcross,hshellcrossnp@nbcnews.com,58 Eggendart Parkway,Denver,Colorado,80217
Francklyn,Gaukrodge,fgaukrodgenq@nifty.com,08483 Upham Circle,Durham,North Carolina,27710
Mick,Son,msonnr@tumblr.com,7 Shopko Court,Little Rock,Arkansas,72231
Piper,Meadus,pmeadusns@plala.or.jp,9 Gerald Plaza,El Paso,Texas,88569
Tobey,Walisiak,twalisiaknt@feedburner.com,364 Cardinal Trail,Charleston,West Virginia,25313
Dniren,Burmingham,dburminghamnu@shareasale.com,8017 Tomscot Parkway,Albuquerque,New Mexico,87140
Renie,Matysiak,rmatysiaknv@sohu.com,3866 Doe Crossing Lane,Kansas City,Kansas,66112
Christos,Kenelin,ckenelinnw@so-net.ne.jp,34 Maywood Hill,Austin,Texas,78769
Daron,Sarath,dsarathnx@ifeng.com,513 Rutledge Circle,Washington,District of Columbia,20244
Fabe,Chestnut,fchestnutny@apple.com,7 Kipling Pass,Mountain View,California,94042
Rachele,Peet,rpeetnz@soup.io,57 Derek Pass,Modesto,California,95397
Thibaud,Cuffley,tcuffleyo0@sbwire.com,6415 Merry Plaza,Greensboro,North Carolina,27425
Lilia,Coronas,lcoronaso1@google.co.uk,17 Lawn Hill,Atlanta,Georgia,30336
Barbra,Becks,bbeckso2@cnbc.com,852 Pawling Center,Atlanta,Georgia,30380
Rosemarie,Robic,rrobico3@jalbum.net,56 Rowland Court,Washington,District of Columbia,20299
Nancey,Klosterman,nklostermano4@tamu.edu,4 Forest Circle,Evansville,Indiana,47747
Micaela,Wheaton,mwheatono5@cpanel.net,1 Ryan Point,Boise,Idaho,83711
Flemming,Pietruszka,fpietruszkao6@kickstarter.com,43447 Florence Crossing,Chattanooga,Tennessee,37416
Julieta,Brantl,jbrantlo7@usa.gov,048 Merchant Trail,Salt Lake City,Utah,84115
Crin,Vink,cvinko8@clickbank.net,337 Larry Point,Corpus Christi,Texas,78410
Hal,Carletti,hcarlettio9@cisco.com,56 Holmberg Hill,Cincinnati,Ohio,45213
Bernette,Pulley,bpulleyoa@cloudflare.com,9 Garrison Avenue,Yonkers,New York,10705
Rhetta,Dolohunty,rdolohuntyob@samsung.com,53 Schiller Junction,Springfield,Illinois,62764
Aleksandr,Fogden,afogdenoc@cornell.edu,50 Havey Hill,Amarillo,Texas,79165
Carita,Layland,claylandod@desdev.cn,8130 Veith Drive,New York City,New York,10029
Bonny,Haugh,bhaughoe@wikispaces.com,989 Memorial Circle,Los Angeles,California,90055
Pat,McQuillin,pmcquillinof@e-recht24.de,039 Pepper Wood Way,Los Angeles,California,90020
Inessa,Niccols,iniccolsog@ftc.gov,840 Mitchell Court,Lancaster,California,93584
Kylila,Pyburn,kpyburnoh@stumbleupon.com,816 Grasskamp Circle,Tacoma,Washington,98481
Constantia,Fearnyough,cfearnyoughoi@slate.com,9 Judy Crossing,Richmond,Virginia,23242
Clevie,Ricciardi,cricciardioj@mozilla.com,9 Judy Avenue,Charlotte,North Carolina,28220
Gilli,McCritchie,gmccritchieok@army.mil,9276 Texas Alley,Everett,Washington,98206
Percival,Nelsey,pnelseyol@mac.com,6 Cody Park,Richmond,Virginia,23277
Barbara,Farrand,bfarrandom@mail.ru,691 Cardinal Alley,Colorado Springs,Colorado,80920
Brenden,Lemin,bleminon@tripod.com,66 Havey Parkway,Omaha,Nebraska,68197
Cinnamon,Drissell,cdrisselloo@photobucket.com,7 Laurel Way,Las Vegas,Nevada,89130
Lissie,Klagge,lklaggeop@reuters.com,4 Manitowish Trail,Bethesda,Maryland,20816
Minny,Decourcy,mdecourcyoq@unblog.fr,3057 Thackeray Road,Merrifield,Virginia,22119
Derrick,Halsted,dhalstedor@i2i.jp,70136 Cottonwood Circle,San Jose,California,95108
Kayle,Borit,kboritos@nydailynews.com,59 Meadow Ridge Avenue,San Bernardino,California,92410
Ailee,Boldecke,aboldeckeot@ameblo.jp,02 Transport Lane,New Orleans,Louisiana,70165
Aloise,Allwright,aallwrightou@github.com,6144 Di Loreto Hill,Shawnee Mission,Kansas,66210
Gerald,Persse,gpersseov@wikispaces.com,2238 Tomscot Plaza,Miami,Florida,33190
Kayle,Wysome,kwysomeow@yelp.com,8444 Miller Avenue,Bakersfield,California,93305
Shanie,Phette,sphetteox@godaddy.com,64 Quincy Place,Los Angeles,California,90045
Antonella,Spinozzi,aspinozzioy@state.tx.us,64413 Manufacturers Terrace,Portsmouth,Virginia,23705
Brittan,Oughton,boughtonoz@boston.com,31 Saint Paul Alley,Oklahoma City,Oklahoma,73190
Estelle,Tudor,etudorp0@fema.gov,73637 Derek Alley,New York City,New York,10105
Jill,Wilks,jwilksp1@virginia.edu,622 Waubesa Lane,Topeka,Kansas,66699
Derrek,Roma,dromap2@shinystat.com,26 Barby Avenue,Minneapolis,Minnesota,55407
Tyson,Pidwell,tpidwellp3@fc2.com,499 Shoshone Lane,Erie,Pennsylvania,16550
Tabby,Braunter,tbraunterp4@list-manage.com,9 Beilfuss Court,Hialeah,Florida,33013
Lexi,Thys,lthysp5@deviantart.com,3847 Elmside Alley,San Antonio,Texas,78265
Henriette,Badsworth,hbadsworthp6@reuters.com,113 Emmet Road,Houston,Texas,77276
Rollie,Fishbourn,rfishbournp7@earthlink.net,565 Maywood Terrace,Gainesville,Florida,32610
Sibella,Ferrini,sferrinip8@a8.net,1 Stone Corner Alley,Aurora,Illinois,60505
Conant,Gillbey,cgillbeyp9@ucsd.edu,4 Trailsway Circle,San Jose,California,95133
Brittne,Andreas,bandreaspa@wordpress.org,8 Mayer Plaza,Washington,District of Columbia,20231
Kermie,Voice,kvoicepb@imgur.com,576 Everett Court,Fort Wayne,Indiana,46805
Madge,Paddy,mpaddypc@free.fr,60 Leroy Place,Lexington,Kentucky,40591
Nickie,Slateford,nslatefordpd@is.gd,723 Londonderry Park,Dallas,Texas,75231
Chad,M'Quharg,cmquhargpe@kickstarter.com,51 2nd Crossing,Charleston,West Virginia,25326
Dosi,Quarrie,dquarriepf@hp.com,5468 Pine View Avenue,Norcross,Georgia,30092
Calv,Reisk,creiskpg@intel.com,49 Vidon Plaza,Dayton,Ohio,45470
Eleonore,Groundwater,egroundwaterph@hao123.com,7 Redwing Crossing,New York City,New York,10079
Mortimer,Baff,mbaffpi@jiathis.com,785 Steensland Point,Bakersfield,California,93381
Nanni,Dilleston,ndillestonpj@oakley.com,2448 Hazelcrest Way,Tallahassee,Florida,32304
Cori,Rishbrook,crishbrookpk@sakura.ne.jp,8 Carioca Trail,Phoenix,Arizona,85015
Rickie,Sonnenschein,rsonnenscheinpl@mozilla.com,35895 Barby Pass,Clearwater,Florida,33763
Carina,Josskoviz,cjosskovizpm@taobao.com,2 Clarendon Terrace,Pensacola,Florida,32595
Sharlene,Rocca,sroccapn@hhs.gov,4171 Maryland Avenue,Green Bay,Wisconsin,54305
Madelaine,Meineking,mmeinekingpo@163.com,1 Lakewood Point,Memphis,Tennessee,38150
Adolphe,Blowes,ablowespp@unicef.org,310 Crownhardt Plaza,Bronx,New York,10464
Wendall,Cretney,wcretneypq@amazon.com,15024 Moulton Avenue,Fairbanks,Alaska,99790
Ana,Reubbens,areubbenspr@ask.com,322 Moose Center,Memphis,Tennessee,38181
Mead,Harner,mharnerps@state.gov,4 Grasskamp Crossing,Seattle,Washington,98175
Sky,Lott,slottpt@dot.gov,10997 Iowa Court,Oakland,California,94605
Lucille,Junifer,ljuniferpu@adobe.com,8194 Fieldstone Point,Ocala,Florida,34479
Fionnula,Mizzen,fmizzenpv@usatoday.com,815 Barnett Park,Wichita,Kansas,67230
Ab,Ison,aisonpw@reference.com,36 Portage Plaza,Gainesville,Florida,32610
Ema,Zmitrichenko,ezmitrichenkopx@google.ru,0 Kropf Plaza,Muskegon,Michigan,49444
Ronni,Dreini,rdreinipy@ycombinator.com,725 Blue Bill Park Way,Washington,District of Columbia,20420
Huberto,Mouser,hmouserpz@opensource.org,69378 Pennsylvania Avenue,Dallas,Texas,75372
Bettine,Leyfield,bleyfieldq0@netvibes.com,26 Mccormick Pass,Washington,District of Columbia,20540
Merrile,Stoggell,mstoggellq1@addtoany.com,23897 John Wall Place,Memphis,Tennessee,38150
Charmine,Wesgate,cwesgateq2@arizona.edu,50301 Lindbergh Drive,Albany,New York,12255
Inglebert,Lapwood,ilapwoodq3@newyorker.com,21343 1st Court,Saint Paul,Minnesota,55115
Verene,Durtnel,vdurtnelq4@digg.com,19839 Dwight Junction,Seattle,Washington,98115
Urban,Simonot,usimonotq5@cbsnews.com,2 Village Green Street,Seattle,Washington,98175
Orel,Bayless,obaylessq6@networkadvertising.org,5116 Spenser Plaza,Minneapolis,Minnesota,55407
Leontyne,Leggis,lleggisq7@facebook.com,2 Mcguire Place,Fort Worth,Texas,76147
Melania,Clogg,mcloggq8@virginia.edu,99 Ronald Regan Alley,Akron,Ohio,44315
Tymon,Rosiello,trosielloq9@narod.ru,40 Stang Way,Dulles,Virginia,20189
Artur,Leyland,aleylandqa@usgs.gov,4 Union Plaza,Roanoke,Virginia,24004
Isis,Yellep,iyellepqb@mysql.com,35385 Buell Parkway,Cape Coral,Florida,33915
Emerson,Bodker,ebodkerqc@devhub.com,81638 Ludington Place,Fort Lauderdale,Florida,33355
Roddie,Roughsedge,rroughsedgeqd@harvard.edu,07 Shelley Avenue,Huntington,West Virginia,25711
Brien,Sexon,bsexonqe@ucoz.ru,21265 Granby Point,Boynton Beach,Florida,33436
Geordie,Goodoune,ggoodouneqf@nyu.edu,0626 Sutteridge Street,Corpus Christi,Texas,78426
Cacilie,Lafoy,clafoyqg@imgur.com,5138 Iowa Road,Austin,Texas,78721
Leandra,Shawcross,lshawcrossqh@blogspot.com,9698 Summit Trail,Fort Worth,Texas,76147
Micah,Heinzel,mheinzelqi@oaic.gov.au,23351 Marquette Lane,Wilkes Barre,Pennsylvania,18768
Dottie,Pickless,dpicklessqj@flickr.com,108 Westerfield Hill,Paterson,New Jersey,07544
Nap,Cossem,ncossemqk@i2i.jp,199 Del Sol Place,Birmingham,Alabama,35242
Gaylene,Vondruska,gvondruskaql@stumbleupon.com,5 Oakridge Court,Cincinnati,Ohio,45271
Marcelline,Bonnar,mbonnarqm@discovery.com,7302 Ridge Oak Road,Topeka,Kansas,66699
Liliane,Dunican,ldunicanqn@ucla.edu,82 Kedzie Trail,Washington,District of Columbia,20220
Wendell,Hinkins,whinkinsqo@dagondesign.com,86 East Pass,Washington,District of Columbia,20409
Sindee,Durham,sdurhamqp@ebay.co.uk,916 Riverside Place,Philadelphia,Pennsylvania,19160
Gilburt,Beville,gbevilleqq@oaic.gov.au,99 Sundown Pass,Everett,Washington,98206
Travis,Borland,tborlandqr@bloglines.com,51859 Oxford Alley,Kansas City,Missouri,64153
Chen,Kennham,ckennhamqs@java.com,54661 Elka Junction,Charleston,West Virginia,25389
Lanie,Harrisson,lharrissonqt@harvard.edu,1 Ramsey Place,Pocatello,Idaho,83206
Nancie,Silvester,nsilvesterqu@nymag.com,8 Mifflin Way,San Antonio,Texas,78285
Clarine,Mantrip,cmantripqv@jalbum.net,232 Clemons Way,Albany,New York,12237
Reggie,Matusovsky,rmatusovskyqw@joomla.org,276 Valley Edge Street,Albany,New York,12232
Emmalyn,McAirt,emcairtqx@posterous.com,964 Aberg Plaza,West Palm Beach,Florida,33405
Horten,Gorick,hgorickqy@google.it,05099 Sunbrook Way,Tucson,Arizona,85754
Alfie,O'Brian,aobrianqz@theglobeandmail.com,52 Shasta Trail,Harrisburg,Pennsylvania,17140
Lois,McIlhatton,lmcilhattonr0@nba.com,2876 John Wall Street,Washington,District of Columbia,20566
Wilfred,Naisby,wnaisbyr1@cnet.com,0700 Harbort Drive,Peoria,Illinois,61656
Tripp,Eberle,teberler2@nps.gov,6248 Packers Alley,Palo Alto,California,94302
Livia,Langworthy,llangworthyr3@discuz.net,0 Maywood Court,Dayton,Ohio,45470
Inger,Choat,ichoatr4@cbslocal.com,3365 Rusk Place,Los Angeles,California,90055
Aarika,Nortcliffe,anortcliffer5@hibu.com,324 Namekagon Terrace,San Antonio,Texas,78291
Konstantine,Frear,kfrearr6@nature.com,46046 Loftsgordon Avenue,Orlando,Florida,32830
Ximenes,Addams,xaddamsr7@github.com,048 Cambridge Circle,Jackson,Mississippi,39236
Joli,Ashbey,jashbeyr8@devhub.com,3 Crest Line Street,Saint Petersburg,Florida,33731
Elia,Arling,earlingr9@chron.com,08094 Schlimgen Avenue,Tampa,Florida,33625
Jerri,Blinco,jblincora@newsvine.com,5 Mallard Lane,Sparks,Nevada,89436
Rowan,Devine,rdevinerb@washington.edu,8 Spaight Terrace,Miami Beach,Florida,33141
Kenon,Bettinson,kbettinsonrc@sogou.com,61 Corscot Parkway,Omaha,Nebraska,68124
Sioux,O'Kieran,sokieranrd@flickr.com,248 Evergreen Center,Fort Myers,Florida,33994
Cyndie,Carlow,ccarlowre@issuu.com,41 Kenwood Junction,Silver Spring,Maryland,20910
Kara-lynn,Jaspar,kjasparrf@dailymotion.com,5359 Sugar Alley,Austin,Texas,78732
Boris,MacCaughen,bmaccaughenrg@hp.com,4200 Schiller Avenue,Largo,Florida,34643
Fifi,Currao,fcurraorh@chicagotribune.com,3991 Northridge Place,Kansas City,Kansas,66112
Dud,Fardy,dfardyri@weibo.com,47 Corry Crossing,Columbus,Ohio,43204
Kelbee,Eilhart,keilhartrj@arstechnica.com,5 Katie Park,Washington,District of Columbia,20036
Egon,Hadland,ehadlandrk@discovery.com,96 Bluestem Circle,Scottsdale,Arizona,85255
Flss,Gilfillan,fgilfillanrl@tmall.com,11 Carey Alley,Jackson,Mississippi,39210
Malva,Stollberger,mstollbergerrm@mail.ru,4196 Fuller Street,Lincoln,Nebraska,68510
Gleda,Spread,gspreadrn@weather.com,48 Lerdahl Road,Newport Beach,California,92662
Katharyn,Coddington,kcoddingtonro@gmpg.org,77989 Ronald Regan Park,Salt Lake City,Utah,84120
Hersch,Gurdon,hgurdonrp@vinaora.com,9481 Larry Street,Tacoma,Washington,98417
Jade,Robertson,jrobertsonrq@dagondesign.com,48475 Johnson Junction,Marietta,Georgia,30066
Herb,Rome,hromerr@noaa.gov,87 Heffernan Avenue,New Orleans,Louisiana,70116
